time,Occupancy[1]
0,0
3600,0
7200,0
10800,0
14400,0
18000,0
21600,0
25200,0
28800,2
32400,2
36000,2
39600,2
43200,2
46800,2
50400,2
54000,2
57600,2
61200,2
64800,0
68400,0
72000,0
75600,0
79200,0
82800,0
86400,0
90000,0
93600,0
97200,0
100800,0
104400,0
108000,0
111600,0
115200,2
118800,2
122400,2
126000,2
129600,2
133200,2
136800,2
140400,2
144000,2
147600,2
151200,0
154800,0
158400,0
162000,0
165600,0
169200,0
172800,0
176400,0
180000,0
183600,0
187200,0
190800,0
194400,0
198000,0
201600,2
205200,2
208800,2
212400,2
216000,2
219600,2
223200,2
226800,2
230400,2
234000,2
237600,0
241200,0
244800,0
248400,0
252000,0
255600,0
259200,0
262800,0
266400,0
270000,0
273600,0
277200,0
280800,0
284400,0
288000,2
291600,2
295200,2
298800,2
302400,2
306000,2
309600,2
313200,2
316800,2
320400,2
324000,0
327600,0
331200,0
334800,0
338400,0
342000,0
345600,0
349200,0
352800,0
356400,0
360000,0
363600,0
367200,0
370800,0
374400,2
378000,2
381600,2
385200,2
388800,2
392400,2
396000,2
399600,2
403200,2
406800,2
410400,0
414000,0
417600,0
421200,0
424800,0
428400,0
432000,0
435600,0
439200,0
442800,0
446400,0
450000,0
453600,0
457200,0
460800,2
464400,2
468000,2
471600,2
475200,2
478800,2
482400,2
486000,2
489600,2
493200,2
496800,0
500400,0
504000,0
507600,0
511200,0
514800,0
518400,0
522000,0
525600,0
529200,0
532800,0
536400,0
540000,0
543600,0
547200,2
550800,2
554400,2
558000,2
561600,2
565200,2
568800,2
572400,2
576000,2
579600,2
583200,0
586800,0
590400,0
594000,0
597600,0
601200,0
604800,0
608400,0
612000,0
615600,0
619200,0
622800,0
626400,0
630000,0
633600,2
637200,2
640800,2
644400,2
648000,2
651600,2
655200,2
658800,2
662400,2
666000,2
669600,0
673200,0
676800,0
680400,0
684000,0
687600,0
691200,0
694800,0
698400,0
702000,0
705600,0
709200,0
712800,0
716400,0
720000,2
723600,2
727200,2
730800,2
734400,2
738000,2
741600,2
745200,2
748800,2
752400,2
756000,0
759600,0
763200,0
766800,0
770400,0
774000,0
777600,0
781200,0
784800,0
788400,0
792000,0
795600,0
799200,0
802800,0
806400,2
810000,2
813600,2
817200,2
820800,2
824400,2
828000,2
831600,2
835200,2
838800,2
842400,0
846000,0
849600,0
853200,0
856800,0
860400,0
864000,0
867600,0
871200,0
874800,0
878400,0
882000,0
885600,0
889200,0
892800,2
896400,2
900000,2
903600,2
907200,2
910800,2
914400,2
918000,2
921600,2
925200,2
928800,0
932400,0
936000,0
939600,0
943200,0
946800,0
950400,0
954000,0
957600,0
961200,0
964800,0
968400,0
972000,0
975600,0
979200,2
982800,2
986400,2
990000,2
993600,2
997200,2
1000800,2
1004400,2
1008000,2
1011600,2
1015200,0
1018800,0
1022400,0
1026000,0
1029600,0
1033200,0
1036800,0
1040400,0
1044000,0
1047600,0
1051200,0
1054800,0
1058400,0
1062000,0
1065600,2
1069200,2
1072800,2
1076400,2
1080000,2
1083600,2
1087200,2
1090800,2
1094400,2
1098000,2
1101600,0
1105200,0
1108800,0
1112400,0
1116000,0
1119600,0
1123200,0
1126800,0
1130400,0
1134000,0
1137600,0
1141200,0
1144800,0
1148400,0
1152000,2
1155600,2
1159200,2
1162800,2
1166400,2
1170000,2
1173600,2
1177200,2
1180800,2
1184400,2
1188000,0
1191600,0
1195200,0
1198800,0
1202400,0
1206000,0
1209600,0
1213200,0
1216800,0
1220400,0
1224000,0
1227600,0
1231200,0
1234800,0
1238400,2
1242000,2
1245600,2
1249200,2
1252800,2
1256400,2
1260000,2
1263600,2
1267200,2
1270800,2
1274400,0
1278000,0
1281600,0
1285200,0
1288800,0
1292400,0
1296000,0
1299600,0
1303200,0
1306800,0
1310400,0
1314000,0
1317600,0
1321200,0
1324800,2
1328400,2
1332000,2
1335600,2
1339200,2
1342800,2
1346400,2
1350000,2
1353600,2
1357200,2
1360800,0
1364400,0
1368000,0
1371600,0
1375200,0
1378800,0
1382400,0
1386000,0
1389600,0
1393200,0
1396800,0
1400400,0
1404000,0
1407600,0
1411200,2
1414800,2
1418400,2
1422000,2
1425600,2
1429200,2
1432800,2
1436400,2
1440000,2
1443600,2
1447200,0
1450800,0
1454400,0
1458000,0
1461600,0
1465200,0
1468800,0
1472400,0
1476000,0
1479600,0
1483200,0
1486800,0
1490400,0
1494000,0
1497600,2
1501200,2
1504800,2
1508400,2
1512000,2
1515600,2
1519200,2
1522800,2
1526400,2
1530000,2
1533600,0
1537200,0
1540800,0
1544400,0
1548000,0
1551600,0
1555200,0
1558800,0
1562400,0
1566000,0
1569600,0
1573200,0
1576800,0
1580400,0
1584000,2
1587600,2
1591200,2
1594800,2
1598400,2
1602000,2
1605600,2
1609200,2
1612800,2
1616400,2
1620000,0
1623600,0
1627200,0
1630800,0
1634400,0
1638000,0
1641600,0
1645200,0
1648800,0
1652400,0
1656000,0
1659600,0
1663200,0
1666800,0
1670400,2
1674000,2
1677600,2
1681200,2
1684800,2
1688400,2
1692000,2
1695600,2
1699200,2
1702800,2
1706400,0
1710000,0
1713600,0
1717200,0
1720800,0
1724400,0
1728000,0
1731600,0
1735200,0
1738800,0
1742400,0
1746000,0
1749600,0
1753200,0
1756800,2
1760400,2
1764000,2
1767600,2
1771200,2
1774800,2
1778400,2
1782000,2
1785600,2
1789200,2
1792800,0
1796400,0
1800000,0
1803600,0
1807200,0
1810800,0
1814400,0
1818000,0
1821600,0
1825200,0
1828800,0
1832400,0
1836000,0
1839600,0
1843200,2
1846800,2
1850400,2
1854000,2
1857600,2
1861200,2
1864800,2
1868400,2
1872000,2
1875600,2
1879200,0
1882800,0
1886400,0
1890000,0
1893600,0
1897200,0
1900800,0
1904400,0
1908000,0
1911600,0
1915200,0
1918800,0
1922400,0
1926000,0
1929600,2
1933200,2
1936800,2
1940400,2
1944000,2
1947600,2
1951200,2
1954800,2
1958400,2
1962000,2
1965600,0
1969200,0
1972800,0
1976400,0
1980000,0
1983600,0
1987200,0
1990800,0
1994400,0
1998000,0
2001600,0
2005200,0
2008800,0
2012400,0
2016000,2
2019600,2
2023200,2
2026800,2
2030400,2
2034000,2
2037600,2
2041200,2
2044800,2
2048400,2
2052000,0
2055600,0
2059200,0
2062800,0
2066400,0
2070000,0
2073600,0
2077200,0
2080800,0
2084400,0
2088000,0
2091600,0
2095200,0
2098800,0
2102400,2
2106000,2
2109600,2
2113200,2
2116800,2
2120400,2
2124000,2
2127600,2
2131200,2
2134800,2
2138400,0
2142000,0
2145600,0
2149200,0
2152800,0
2156400,0
2160000,0
2163600,0
2167200,0
2170800,0
2174400,0
2178000,0
2181600,0
2185200,0
2188800,2
2192400,2
2196000,2
2199600,2
2203200,2
2206800,2
2210400,2
2214000,2
2217600,2
2221200,2
2224800,0
2228400,0
2232000,0
2235600,0
2239200,0
2242800,0
2246400,0
2250000,0
2253600,0
2257200,0
2260800,0
2264400,0
2268000,0
2271600,0
2275200,2
2278800,2
2282400,2
2286000,2
2289600,2
2293200,2
2296800,2
2300400,2
2304000,2
2307600,2
2311200,0
2314800,0
2318400,0
2322000,0
2325600,0
2329200,0
2332800,0
2336400,0
2340000,0
2343600,0
2347200,0
2350800,0
2354400,0
2358000,0
2361600,2
2365200,2
2368800,2
2372400,2
2376000,2
2379600,2
2383200,2
2386800,2
2390400,2
2394000,2
2397600,0
2401200,0
2404800,0
2408400,0
2412000,0
2415600,0
2419200,0
2422800,0
2426400,0
2430000,0
2433600,0
2437200,0
2440800,0
2444400,0
2448000,2
2451600,2
2455200,2
2458800,2
2462400,2
2466000,2
2469600,2
2473200,2
2476800,2
2480400,2
2484000,0
2487600,0
2491200,0
2494800,0
2498400,0
2502000,0
2505600,0
2509200,0
2512800,0
2516400,0
2520000,0
2523600,0
2527200,0
2530800,0
2534400,2
2538000,2
2541600,2
2545200,2
2548800,2
2552400,2
2556000,2
2559600,2
2563200,2
2566800,2
2570400,0
2574000,0
2577600,0
2581200,0
2584800,0
2588400,0
2592000,0
2595600,0
2599200,0
2602800,0
2606400,0
2610000,0
2613600,0
2617200,0
2620800,2
2624400,2
2628000,2
2631600,2
2635200,2
2638800,2
2642400,2
2646000,2
2649600,2
2653200,2
2656800,0
2660400,0
2664000,0
2667600,0
2671200,0
2674800,0
2678400,0
2682000,0
2685600,0
2689200,0
2692800,0
2696400,0
2700000,0
2703600,0
2707200,2
2710800,2
2714400,2
2718000,2
2721600,2
2725200,2
2728800,2
2732400,2
2736000,2
2739600,2
2743200,0
2746800,0
2750400,0
2754000,0
2757600,0
2761200,0
2764800,0
2768400,0
2772000,0
2775600,0
2779200,0
2782800,0
2786400,0
2790000,0
2793600,2
2797200,2
2800800,2
2804400,2
2808000,2
2811600,2
2815200,2
2818800,2
2822400,2
2826000,2
2829600,0
2833200,0
2836800,0
2840400,0
2844000,0
2847600,0
2851200,0
2854800,0
2858400,0
2862000,0
2865600,0
2869200,0
2872800,0
2876400,0
2880000,2
2883600,2
2887200,2
2890800,2
2894400,2
2898000,2
2901600,2
2905200,2
2908800,2
2912400,2
2916000,0
2919600,0
2923200,0
2926800,0
2930400,0
2934000,0
2937600,0
2941200,0
2944800,0
2948400,0
2952000,0
2955600,0
2959200,0
2962800,0
2966400,2
2970000,2
2973600,2
2977200,2
2980800,2
2984400,2
2988000,2
2991600,2
2995200,2
2998800,2
3002400,0
3006000,0
3009600,0
3013200,0
3016800,0
3020400,0
3024000,0
3027600,0
3031200,0
3034800,0
3038400,0
3042000,0
3045600,0
3049200,0
3052800,2
3056400,2
3060000,2
3063600,2
3067200,2
3070800,2
3074400,2
3078000,2
3081600,2
3085200,2
3088800,0
3092400,0
3096000,0
3099600,0
3103200,0
3106800,0
3110400,0
3114000,0
3117600,0
3121200,0
3124800,0
3128400,0
3132000,0
3135600,0
3139200,2
3142800,2
3146400,2
3150000,2
3153600,2
3157200,2
3160800,2
3164400,2
3168000,2
3171600,2
3175200,0
3178800,0
3182400,0
3186000,0
3189600,0
3193200,0
3196800,0
3200400,0
3204000,0
3207600,0
3211200,0
3214800,0
3218400,0
3222000,0
3225600,2
3229200,2
3232800,2
3236400,2
3240000,2
3243600,2
3247200,2
3250800,2
3254400,2
3258000,2
3261600,0
3265200,0
3268800,0
3272400,0
3276000,0
3279600,0
3283200,0
3286800,0
3290400,0
3294000,0
3297600,0
3301200,0
3304800,0
3308400,0
3312000,2
3315600,2
3319200,2
3322800,2
3326400,2
3330000,2
3333600,2
3337200,2
3340800,2
3344400,2
3348000,0
3351600,0
3355200,0
3358800,0
3362400,0
3366000,0
3369600,0
3373200,0
3376800,0
3380400,0
3384000,0
3387600,0
3391200,0
3394800,0
3398400,2
3402000,2
3405600,2
3409200,2
3412800,2
3416400,2
3420000,2
3423600,2
3427200,2
3430800,2
3434400,0
3438000,0
3441600,0
3445200,0
3448800,0
3452400,0
3456000,0
3459600,0
3463200,0
3466800,0
3470400,0
3474000,0
3477600,0
3481200,0
3484800,2
3488400,2
3492000,2
3495600,2
3499200,2
3502800,2
3506400,2
3510000,2
3513600,2
3517200,2
3520800,0
3524400,0
3528000,0
3531600,0
3535200,0
3538800,0
3542400,0
3546000,0
3549600,0
3553200,0
3556800,0
3560400,0
3564000,0
3567600,0
3571200,2
3574800,2
3578400,2
3582000,2
3585600,2
3589200,2
3592800,2
3596400,2
3600000,2
3603600,2
3607200,0
3610800,0
3614400,0
3618000,0
3621600,0
3625200,0
3628800,0
3632400,0
3636000,0
3639600,0
3643200,0
3646800,0
3650400,0
3654000,0
3657600,2
3661200,2
3664800,2
3668400,2
3672000,2
3675600,2
3679200,2
3682800,2
3686400,2
3690000,2
3693600,0
3697200,0
3700800,0
3704400,0
3708000,0
3711600,0
3715200,0
3718800,0
3722400,0
3726000,0
3729600,0
3733200,0
3736800,0
3740400,0
3744000,2
3747600,2
3751200,2
3754800,2
3758400,2
3762000,2
3765600,2
3769200,2
3772800,2
3776400,2
3780000,0
3783600,0
3787200,0
3790800,0
3794400,0
3798000,0
3801600,0
3805200,0
3808800,0
3812400,0
3816000,0
3819600,0
3823200,0
3826800,0
3830400,2
3834000,2
3837600,2
3841200,2
3844800,2
3848400,2
3852000,2
3855600,2
3859200,2
3862800,2
3866400,0
3870000,0
3873600,0
3877200,0
3880800,0
3884400,0
3888000,0
3891600,0
3895200,0
3898800,0
3902400,0
3906000,0
3909600,0
3913200,0
3916800,2
3920400,2
3924000,2
3927600,2
3931200,2
3934800,2
3938400,2
3942000,2
3945600,2
3949200,2
3952800,0
3956400,0
3960000,0
3963600,0
3967200,0
3970800,0
3974400,0
3978000,0
3981600,0
3985200,0
3988800,0
3992400,0
3996000,0
3999600,0
4003200,2
4006800,2
4010400,2
4014000,2
4017600,2
4021200,2
4024800,2
4028400,2
4032000,2
4035600,2
4039200,0
4042800,0
4046400,0
4050000,0
4053600,0
4057200,0
4060800,0
4064400,0
4068000,0
4071600,0
4075200,0
4078800,0
4082400,0
4086000,0
4089600,2
4093200,2
4096800,2
4100400,2
4104000,2
4107600,2
4111200,2
4114800,2
4118400,2
4122000,2
4125600,0
4129200,0
4132800,0
4136400,0
4140000,0
4143600,0
4147200,0
4150800,0
4154400,0
4158000,0
4161600,0
4165200,0
4168800,0
4172400,0
4176000,2
4179600,2
4183200,2
4186800,2
4190400,2
4194000,2
4197600,2
4201200,2
4204800,2
4208400,2
4212000,0
4215600,0
4219200,0
4222800,0
4226400,0
4230000,0
4233600,0
4237200,0
4240800,0
4244400,0
4248000,0
4251600,0
4255200,0
4258800,0
4262400,2
4266000,2
4269600,2
4273200,2
4276800,2
4280400,2
4284000,2
4287600,2
4291200,2
4294800,2
4298400,0
4302000,0
4305600,0
4309200,0
4312800,0
4316400,0
4320000,0
4323600,0
4327200,0
4330800,0
4334400,0
4338000,0
4341600,0
4345200,0
4348800,2
4352400,2
4356000,2
4359600,2
4363200,2
4366800,2
4370400,2
4374000,2
4377600,2
4381200,2
4384800,0
4388400,0
4392000,0
4395600,0
4399200,0
4402800,0
4406400,0
4410000,0
4413600,0
4417200,0
4420800,0
4424400,0
4428000,0
4431600,0
4435200,2
4438800,2
4442400,2
4446000,2
4449600,2
4453200,2
4456800,2
4460400,2
4464000,2
4467600,2
4471200,0
4474800,0
4478400,0
4482000,0
4485600,0
4489200,0
4492800,0
4496400,0
4500000,0
4503600,0
4507200,0
4510800,0
4514400,0
4518000,0
4521600,2
4525200,2
4528800,2
4532400,2
4536000,2
4539600,2
4543200,2
4546800,2
4550400,2
4554000,2
4557600,0
4561200,0
4564800,0
4568400,0
4572000,0
4575600,0
4579200,0
4582800,0
4586400,0
4590000,0
4593600,0
4597200,0
4600800,0
4604400,0
4608000,2
4611600,2
4615200,2
4618800,2
4622400,2
4626000,2
4629600,2
4633200,2
4636800,2
4640400,2
4644000,0
4647600,0
4651200,0
4654800,0
4658400,0
4662000,0
4665600,0
4669200,0
4672800,0
4676400,0
4680000,0
4683600,0
4687200,0
4690800,0
4694400,2
4698000,2
4701600,2
4705200,2
4708800,2
4712400,2
4716000,2
4719600,2
4723200,2
4726800,2
4730400,0
4734000,0
4737600,0
4741200,0
4744800,0
4748400,0
4752000,0
4755600,0
4759200,0
4762800,0
4766400,0
4770000,0
4773600,0
4777200,0
4780800,2
4784400,2
4788000,2
4791600,2
4795200,2
4798800,2
4802400,2
4806000,2
4809600,2
4813200,2
4816800,0
4820400,0
4824000,0
4827600,0
4831200,0
4834800,0
4838400,0
4842000,0
4845600,0
4849200,0
4852800,0
4856400,0
4860000,0
4863600,0
4867200,2
4870800,2
4874400,2
4878000,2
4881600,2
4885200,2
4888800,2
4892400,2
4896000,2
4899600,2
4903200,0
4906800,0
4910400,0
4914000,0
4917600,0
4921200,0
4924800,0
4928400,0
4932000,0
4935600,0
4939200,0
4942800,0
4946400,0
4950000,0
4953600,2
4957200,2
4960800,2
4964400,2
4968000,2
4971600,2
4975200,2
4978800,2
4982400,2
4986000,2
4989600,0
4993200,0
4996800,0
5000400,0
5004000,0
5007600,0
5011200,0
5014800,0
5018400,0
5022000,0
5025600,0
5029200,0
5032800,0
5036400,0
5040000,2
5043600,2
5047200,2
5050800,2
5054400,2
5058000,2
5061600,2
5065200,2
5068800,2
5072400,2
5076000,0
5079600,0
5083200,0
5086800,0
5090400,0
5094000,0
5097600,0
5101200,0
5104800,0
5108400,0
5112000,0
5115600,0
5119200,0
5122800,0
5126400,2
5130000,2
5133600,2
5137200,2
5140800,2
5144400,2
5148000,2
5151600,2
5155200,2
5158800,2
5162400,0
5166000,0
5169600,0
5173200,0
5176800,0
5180400,0
5184000,0
5187600,0
5191200,0
5194800,0
5198400,0
5202000,0
5205600,0
5209200,0
5212800,2
5216400,2
5220000,2
5223600,2
5227200,2
5230800,2
5234400,2
5238000,2
5241600,2
5245200,2
5248800,0
5252400,0
5256000,0
5259600,0
5263200,0
5266800,0
5270400,0
5274000,0
5277600,0
5281200,0
5284800,0
5288400,0
5292000,0
5295600,0
5299200,2
5302800,2
5306400,2
5310000,2
5313600,2
5317200,2
5320800,2
5324400,2
5328000,2
5331600,2
5335200,0
5338800,0
5342400,0
5346000,0
5349600,0
5353200,0
5356800,0
5360400,0
5364000,0
5367600,0
5371200,0
5374800,0
5378400,0
5382000,0
5385600,2
5389200,2
5392800,2
5396400,2
5400000,2
5403600,2
5407200,2
5410800,2
5414400,2
5418000,2
5421600,0
5425200,0
5428800,0
5432400,0
5436000,0
5439600,0
5443200,0
5446800,0
5450400,0
5454000,0
5457600,0
5461200,0
5464800,0
5468400,0
5472000,2
5475600,2
5479200,2
5482800,2
5486400,2
5490000,2
5493600,2
5497200,2
5500800,2
5504400,2
5508000,0
5511600,0
5515200,0
5518800,0
5522400,0
5526000,0
5529600,0
5533200,0
5536800,0
5540400,0
5544000,0
5547600,0
5551200,0
5554800,0
5558400,2
5562000,2
5565600,2
5569200,2
5572800,2
5576400,2
5580000,2
5583600,2
5587200,2
5590800,2
5594400,0
5598000,0
5601600,0
5605200,0
5608800,0
5612400,0
5616000,0
5619600,0
5623200,0
5626800,0
5630400,0
5634000,0
5637600,0
5641200,0
5644800,2
5648400,2
5652000,2
5655600,2
5659200,2
5662800,2
5666400,2
5670000,2
5673600,2
5677200,2
5680800,0
5684400,0
5688000,0
5691600,0
5695200,0
5698800,0
5702400,0
5706000,0
5709600,0
5713200,0
5716800,0
5720400,0
5724000,0
5727600,0
5731200,2
5734800,2
5738400,2
5742000,2
5745600,2
5749200,2
5752800,2
5756400,2
5760000,2
5763600,2
5767200,0
5770800,0
5774400,0
5778000,0
5781600,0
5785200,0
5788800,0
5792400,0
5796000,0
5799600,0
5803200,0
5806800,0
5810400,0
5814000,0
5817600,2
5821200,2
5824800,2
5828400,2
5832000,2
5835600,2
5839200,2
5842800,2
5846400,2
5850000,2
5853600,0
5857200,0
5860800,0
5864400,0
5868000,0
5871600,0
5875200,0
5878800,0
5882400,0
5886000,0
5889600,0
5893200,0
5896800,0
5900400,0
5904000,2
5907600,2
5911200,2
5914800,2
5918400,2
5922000,2
5925600,2
5929200,2
5932800,2
5936400,2
5940000,0
5943600,0
5947200,0
5950800,0
5954400,0
5958000,0
5961600,0
5965200,0
5968800,0
5972400,0
5976000,0
5979600,0
5983200,0
5986800,0
5990400,2
5994000,2
5997600,2
6001200,2
6004800,2
6008400,2
6012000,2
6015600,2
6019200,2
6022800,2
6026400,0
6030000,0
6033600,0
6037200,0
6040800,0
6044400,0
6048000,0
6051600,0
6055200,0
6058800,0
6062400,0
6066000,0
6069600,0
6073200,0
6076800,2
6080400,2
6084000,2
6087600,2
6091200,2
6094800,2
6098400,2
6102000,2
6105600,2
6109200,2
6112800,0
6116400,0
6120000,0
6123600,0
6127200,0
6130800,0
6134400,0
6138000,0
6141600,0
6145200,0
6148800,0
6152400,0
6156000,0
6159600,0
6163200,2
6166800,2
6170400,2
6174000,2
6177600,2
6181200,2
6184800,2
6188400,2
6192000,2
6195600,2
6199200,0
6202800,0
6206400,0
6210000,0
6213600,0
6217200,0
6220800,0
6224400,0
6228000,0
6231600,0
6235200,0
6238800,0
6242400,0
6246000,0
6249600,2
6253200,2
6256800,2
6260400,2
6264000,2
6267600,2
6271200,2
6274800,2
6278400,2
6282000,2
6285600,0
6289200,0
6292800,0
6296400,0
6300000,0
6303600,0
6307200,0
6310800,0
6314400,0
6318000,0
6321600,0
6325200,0
6328800,0
6332400,0
6336000,2
6339600,2
6343200,2
6346800,2
6350400,2
6354000,2
6357600,2
6361200,2
6364800,2
6368400,2
6372000,0
6375600,0
6379200,0
6382800,0
6386400,0
6390000,0
6393600,0
6397200,0
6400800,0
6404400,0
6408000,0
6411600,0
6415200,0
6418800,0
6422400,2
6426000,2
6429600,2
6433200,2
6436800,2
6440400,2
6444000,2
6447600,2
6451200,2
6454800,2
6458400,0
6462000,0
6465600,0
6469200,0
6472800,0
6476400,0
6480000,0
6483600,0
6487200,0
6490800,0
6494400,0
6498000,0
6501600,0
6505200,0
6508800,2
6512400,2
6516000,2
6519600,2
6523200,2
6526800,2
6530400,2
6534000,2
6537600,2
6541200,2
6544800,0
6548400,0
6552000,0
6555600,0
6559200,0
6562800,0
6566400,0
6570000,0
6573600,0
6577200,0
6580800,0
6584400,0
6588000,0
6591600,0
6595200,2
6598800,2
6602400,2
6606000,2
6609600,2
6613200,2
6616800,2
6620400,2
6624000,2
6627600,2
6631200,0
6634800,0
6638400,0
6642000,0
6645600,0
6649200,0
6652800,0
6656400,0
6660000,0
6663600,0
6667200,0
6670800,0
6674400,0
6678000,0
6681600,2
6685200,2
6688800,2
6692400,2
6696000,2
6699600,2
6703200,2
6706800,2
6710400,2
6714000,2
6717600,0
6721200,0
6724800,0
6728400,0
6732000,0
6735600,0
6739200,0
6742800,0
6746400,0
6750000,0
6753600,0
6757200,0
6760800,0
6764400,0
6768000,2
6771600,2
6775200,2
6778800,2
6782400,2
6786000,2
6789600,2
6793200,2
6796800,2
6800400,2
6804000,0
6807600,0
6811200,0
6814800,0
6818400,0
6822000,0
6825600,0
6829200,0
6832800,0
6836400,0
6840000,0
6843600,0
6847200,0
6850800,0
6854400,2
6858000,2
6861600,2
6865200,2
6868800,2
6872400,2
6876000,2
6879600,2
6883200,2
6886800,2
6890400,0
6894000,0
6897600,0
6901200,0
6904800,0
6908400,0
6912000,0
6915600,0
6919200,0
6922800,0
6926400,0
6930000,0
6933600,0
6937200,0
6940800,2
6944400,2
6948000,2
6951600,2
6955200,2
6958800,2
6962400,2
6966000,2
6969600,2
6973200,2
6976800,0
6980400,0
6984000,0
6987600,0
6991200,0
6994800,0
6998400,0
7002000,0
7005600,0
7009200,0
7012800,0
7016400,0
7020000,0
7023600,0
7027200,2
7030800,2
7034400,2
7038000,2
7041600,2
7045200,2
7048800,2
7052400,2
7056000,2
7059600,2
7063200,0
7066800,0
7070400,0
7074000,0
7077600,0
7081200,0
7084800,0
7088400,0
7092000,0
7095600,0
7099200,0
7102800,0
7106400,0
7110000,0
7113600,2
7117200,2
7120800,2
7124400,2
7128000,2
7131600,2
7135200,2
7138800,2
7142400,2
7146000,2
7149600,0
7153200,0
7156800,0
7160400,0
7164000,0
7167600,0
7171200,0
7174800,0
7178400,0
7182000,0
7185600,0
7189200,0
7192800,0
7196400,0
7200000,2
7203600,2
7207200,2
7210800,2
7214400,2
7218000,2
7221600,2
7225200,2
7228800,2
7232400,2
7236000,0
7239600,0
7243200,0
7246800,0
7250400,0
7254000,0
7257600,0
7261200,0
7264800,0
7268400,0
7272000,0
7275600,0
7279200,0
7282800,0
7286400,2
7290000,2
7293600,2
7297200,2
7300800,2
7304400,2
7308000,2
7311600,2
7315200,2
7318800,2
7322400,0
7326000,0
7329600,0
7333200,0
7336800,0
7340400,0
7344000,0
7347600,0
7351200,0
7354800,0
7358400,0
7362000,0
7365600,0
7369200,0
7372800,2
7376400,2
7380000,2
7383600,2
7387200,2
7390800,2
7394400,2
7398000,2
7401600,2
7405200,2
7408800,0
7412400,0
7416000,0
7419600,0
7423200,0
7426800,0
7430400,0
7434000,0
7437600,0
7441200,0
7444800,0
7448400,0
7452000,0
7455600,0
7459200,2
7462800,2
7466400,2
7470000,2
7473600,2
7477200,2
7480800,2
7484400,2
7488000,2
7491600,2
7495200,0
7498800,0
7502400,0
7506000,0
7509600,0
7513200,0
7516800,0
7520400,0
7524000,0
7527600,0
7531200,0
7534800,0
7538400,0
7542000,0
7545600,2
7549200,2
7552800,2
7556400,2
7560000,2
7563600,2
7567200,2
7570800,2
7574400,2
7578000,2
7581600,0
7585200,0
7588800,0
7592400,0
7596000,0
7599600,0
7603200,0
7606800,0
7610400,0
7614000,0
7617600,0
7621200,0
7624800,0
7628400,0
7632000,2
7635600,2
7639200,2
7642800,2
7646400,2
7650000,2
7653600,2
7657200,2
7660800,2
7664400,2
7668000,0
7671600,0
7675200,0
7678800,0
7682400,0
7686000,0
7689600,0
7693200,0
7696800,0
7700400,0
7704000,0
7707600,0
7711200,0
7714800,0
7718400,2
7722000,2
7725600,2
7729200,2
7732800,2
7736400,2
7740000,2
7743600,2
7747200,2
7750800,2
7754400,0
7758000,0
7761600,0
7765200,0
7768800,0
7772400,0
7776000,0
7779600,0
7783200,0
7786800,0
7790400,0
7794000,0
7797600,0
7801200,0
7804800,2
7808400,2
7812000,2
7815600,2
7819200,2
7822800,2
7826400,2
7830000,2
7833600,2
7837200,2
7840800,0
7844400,0
7848000,0
7851600,0
7855200,0
7858800,0
7862400,0
7866000,0
7869600,0
7873200,0
7876800,0
7880400,0
7884000,0
7887600,0
7891200,2
7894800,2
7898400,2
7902000,2
7905600,2
7909200,2
7912800,2
7916400,2
7920000,2
7923600,2
7927200,0
7930800,0
7934400,0
7938000,0
7941600,0
7945200,0
7948800,0
7952400,0
7956000,0
7959600,0
7963200,0
7966800,0
7970400,0
7974000,0
7977600,2
7981200,2
7984800,2
7988400,2
7992000,2
7995600,2
7999200,2
8002800,2
8006400,2
8010000,2
8013600,0
8017200,0
8020800,0
8024400,0
8028000,0
8031600,0
8035200,0
8038800,0
8042400,0
8046000,0
8049600,0
8053200,0
8056800,0
8060400,0
8064000,2
8067600,2
8071200,2
8074800,2
8078400,2
8082000,2
8085600,2
8089200,2
8092800,2
8096400,2
8100000,0
8103600,0
8107200,0
8110800,0
8114400,0
8118000,0
8121600,0
8125200,0
8128800,0
8132400,0
8136000,0
8139600,0
8143200,0
8146800,0
8150400,2
8154000,2
8157600,2
8161200,2
8164800,2
8168400,2
8172000,2
8175600,2
8179200,2
8182800,2
8186400,0
8190000,0
8193600,0
8197200,0
8200800,0
8204400,0
8208000,0
8211600,0
8215200,0
8218800,0
8222400,0
8226000,0
8229600,0
8233200,0
8236800,2
8240400,2
8244000,2
8247600,2
8251200,2
8254800,2
8258400,2
8262000,2
8265600,2
8269200,2
8272800,0
8276400,0
8280000,0
8283600,0
8287200,0
8290800,0
8294400,0
8298000,0
8301600,0
8305200,0
8308800,0
8312400,0
8316000,0
8319600,0
8323200,2
8326800,2
8330400,2
8334000,2
8337600,2
8341200,2
8344800,2
8348400,2
8352000,2
8355600,2
8359200,0
8362800,0
8366400,0
8370000,0
8373600,0
8377200,0
8380800,0
8384400,0
8388000,0
8391600,0
8395200,0
8398800,0
8402400,0
8406000,0
8409600,2
8413200,2
8416800,2
8420400,2
8424000,2
8427600,2
8431200,2
8434800,2
8438400,2
8442000,2
8445600,0
8449200,0
8452800,0
8456400,0
8460000,0
8463600,0
8467200,0
8470800,0
8474400,0
8478000,0
8481600,0
8485200,0
8488800,0
8492400,0
8496000,2
8499600,2
8503200,2
8506800,2
8510400,2
8514000,2
8517600,2
8521200,2
8524800,2
8528400,2
8532000,0
8535600,0
8539200,0
8542800,0
8546400,0
8550000,0
8553600,0
8557200,0
8560800,0
8564400,0
8568000,0
8571600,0
8575200,0
8578800,0
8582400,2
8586000,2
8589600,2
8593200,2
8596800,2
8600400,2
8604000,2
8607600,2
8611200,2
8614800,2
8618400,0
8622000,0
8625600,0
8629200,0
8632800,0
8636400,0
8640000,0
8643600,0
8647200,0
8650800,0
8654400,0
8658000,0
8661600,0
8665200,0
8668800,2
8672400,2
8676000,2
8679600,2
8683200,2
8686800,2
8690400,2
8694000,2
8697600,2
8701200,2
8704800,0
8708400,0
8712000,0
8715600,0
8719200,0
8722800,0
8726400,0
8730000,0
8733600,0
8737200,0
8740800,0
8744400,0
8748000,0
8751600,0
8755200,2
8758800,2
8762400,2
8766000,2
8769600,2
8773200,2
8776800,2
8780400,2
8784000,2
8787600,2
8791200,0
8794800,0
8798400,0
8802000,0
8805600,0
8809200,0
8812800,0
8816400,0
8820000,0
8823600,0
8827200,0
8830800,0
8834400,0
8838000,0
8841600,2
8845200,2
8848800,2
8852400,2
8856000,2
8859600,2
8863200,2
8866800,2
8870400,2
8874000,2
8877600,0
8881200,0
8884800,0
8888400,0
8892000,0
8895600,0
8899200,0
8902800,0
8906400,0
8910000,0
8913600,0
8917200,0
8920800,0
8924400,0
8928000,2
8931600,2
8935200,2
8938800,2
8942400,2
8946000,2
8949600,2
8953200,2
8956800,2
8960400,2
8964000,0
8967600,0
8971200,0
8974800,0
8978400,0
8982000,0
8985600,0
8989200,0
8992800,0
8996400,0
9000000,0
9003600,0
9007200,0
9010800,0
9014400,2
9018000,2
9021600,2
9025200,2
9028800,2
9032400,2
9036000,2
9039600,2
9043200,2
9046800,2
9050400,0
9054000,0
9057600,0
9061200,0
9064800,0
9068400,0
9072000,0
9075600,0
9079200,0
9082800,0
9086400,0
9090000,0
9093600,0
9097200,0
9100800,2
9104400,2
9108000,2
9111600,2
9115200,2
9118800,2
9122400,2
9126000,2
9129600,2
9133200,2
9136800,0
9140400,0
9144000,0
9147600,0
9151200,0
9154800,0
9158400,0
9162000,0
9165600,0
9169200,0
9172800,0
9176400,0
9180000,0
9183600,0
9187200,2
9190800,2
9194400,2
9198000,2
9201600,2
9205200,2
9208800,2
9212400,2
9216000,2
9219600,2
9223200,0
9226800,0
9230400,0
9234000,0
9237600,0
9241200,0
9244800,0
9248400,0
9252000,0
9255600,0
9259200,0
9262800,0
9266400,0
9270000,0
9273600,2
9277200,2
9280800,2
9284400,2
9288000,2
9291600,2
9295200,2
9298800,2
9302400,2
9306000,2
9309600,0
9313200,0
9316800,0
9320400,0
9324000,0
9327600,0
9331200,0
9334800,0
9338400,0
9342000,0
9345600,0
9349200,0
9352800,0
9356400,0
9360000,2
9363600,2
9367200,2
9370800,2
9374400,2
9378000,2
9381600,2
9385200,2
9388800,2
9392400,2
9396000,0
9399600,0
9403200,0
9406800,0
9410400,0
9414000,0
9417600,0
9421200,0
9424800,0
9428400,0
9432000,0
9435600,0
9439200,0
9442800,0
9446400,2
9450000,2
9453600,2
9457200,2
9460800,2
9464400,2
9468000,2
9471600,2
9475200,2
9478800,2
9482400,0
9486000,0
9489600,0
9493200,0
9496800,0
9500400,0
9504000,0
9507600,0
9511200,0
9514800,0
9518400,0
9522000,0
9525600,0
9529200,0
9532800,2
9536400,2
9540000,2
9543600,2
9547200,2
9550800,2
9554400,2
9558000,2
9561600,2
9565200,2
9568800,0
9572400,0
9576000,0
9579600,0
9583200,0
9586800,0
9590400,0
9594000,0
9597600,0
9601200,0
9604800,0
9608400,0
9612000,0
9615600,0
9619200,2
9622800,2
9626400,2
9630000,2
9633600,2
9637200,2
9640800,2
9644400,2
9648000,2
9651600,2
9655200,0
9658800,0
9662400,0
9666000,0
9669600,0
9673200,0
9676800,0
9680400,0
9684000,0
9687600,0
9691200,0
9694800,0
9698400,0
9702000,0
9705600,2
9709200,2
9712800,2
9716400,2
9720000,2
9723600,2
9727200,2
9730800,2
9734400,2
9738000,2
9741600,0
9745200,0
9748800,0
9752400,0
9756000,0
9759600,0
9763200,0
9766800,0
9770400,0
9774000,0
9777600,0
9781200,0
9784800,0
9788400,0
9792000,2
9795600,2
9799200,2
9802800,2
9806400,2
9810000,2
9813600,2
9817200,2
9820800,2
9824400,2
9828000,0
9831600,0
9835200,0
9838800,0
9842400,0
9846000,0
9849600,0
9853200,0
9856800,0
9860400,0
9864000,0
9867600,0
9871200,0
9874800,0
9878400,2
9882000,2
9885600,2
9889200,2
9892800,2
9896400,2
9900000,2
9903600,2
9907200,2
9910800,2
9914400,0
9918000,0
9921600,0
9925200,0
9928800,0
9932400,0
9936000,0
9939600,0
9943200,0
9946800,0
9950400,0
9954000,0
9957600,0
9961200,0
9964800,2
9968400,2
9972000,2
9975600,2
9979200,2
9982800,2
9986400,2
9990000,2
9993600,2
9997200,2
10000800,0
10004400,0
10008000,0
10011600,0
10015200,0
10018800,0
10022400,0
10026000,0
10029600,0
10033200,0
10036800,0
10040400,0
10044000,0
10047600,0
10051200,2
10054800,2
10058400,2
10062000,2
10065600,2
10069200,2
10072800,2
10076400,2
10080000,2
10083600,2
10087200,0
10090800,0
10094400,0
10098000,0
10101600,0
10105200,0
10108800,0
10112400,0
10116000,0
10119600,0
10123200,0
10126800,0
10130400,0
10134000,0
10137600,2
10141200,2
10144800,2
10148400,2
10152000,2
10155600,2
10159200,2
10162800,2
10166400,2
10170000,2
10173600,0
10177200,0
10180800,0
10184400,0
10188000,0
10191600,0
10195200,0
10198800,0
10202400,0
10206000,0
10209600,0
10213200,0
10216800,0
10220400,0
10224000,2
10227600,2
10231200,2
10234800,2
10238400,2
10242000,2
10245600,2
10249200,2
10252800,2
10256400,2
10260000,0
10263600,0
10267200,0
10270800,0
10274400,0
10278000,0
10281600,0
10285200,0
10288800,0
10292400,0
10296000,0
10299600,0
10303200,0
10306800,0
10310400,2
10314000,2
10317600,2
10321200,2
10324800,2
10328400,2
10332000,2
10335600,2
10339200,2
10342800,2
10346400,0
10350000,0
10353600,0
10357200,0
10360800,0
10364400,0
10368000,0
10371600,0
10375200,0
10378800,0
10382400,0
10386000,0
10389600,0
10393200,0
10396800,2
10400400,2
10404000,2
10407600,2
10411200,2
10414800,2
10418400,2
10422000,2
10425600,2
10429200,2
10432800,0
10436400,0
10440000,0
10443600,0
10447200,0
10450800,0
10454400,0
10458000,0
10461600,0
10465200,0
10468800,0
10472400,0
10476000,0
10479600,0
10483200,2
10486800,2
10490400,2
10494000,2
10497600,2
10501200,2
10504800,2
10508400,2
10512000,2
10515600,2
10519200,0
10522800,0
10526400,0
10530000,0
10533600,0
10537200,0
10540800,0
10544400,0
10548000,0
10551600,0
10555200,0
10558800,0
10562400,0
10566000,0
10569600,2
10573200,2
10576800,2
10580400,2
10584000,2
10587600,2
10591200,2
10594800,2
10598400,2
10602000,2
10605600,0
10609200,0
10612800,0
10616400,0
10620000,0
10623600,0
10627200,0
10630800,0
10634400,0
10638000,0
10641600,0
10645200,0
10648800,0
10652400,0
10656000,2
10659600,2
10663200,2
10666800,2
10670400,2
10674000,2
10677600,2
10681200,2
10684800,2
10688400,2
10692000,0
10695600,0
10699200,0
10702800,0
10706400,0
10710000,0
10713600,0
10717200,0
10720800,0
10724400,0
10728000,0
10731600,0
10735200,0
10738800,0
10742400,2
10746000,2
10749600,2
10753200,2
10756800,2
10760400,2
10764000,2
10767600,2
10771200,2
10774800,2
10778400,0
10782000,0
10785600,0
10789200,0
10792800,0
10796400,0
10800000,0
10803600,0
10807200,0
10810800,0
10814400,0
10818000,0
10821600,0
10825200,0
10828800,2
10832400,2
10836000,2
10839600,2
10843200,2
10846800,2
10850400,2
10854000,2
10857600,2
10861200,2
10864800,0
10868400,0
10872000,0
10875600,0
10879200,0
10882800,0
10886400,0
10890000,0
10893600,0
10897200,0
10900800,0
10904400,0
10908000,0
10911600,0
10915200,2
10918800,2
10922400,2
10926000,2
10929600,2
10933200,2
10936800,2
10940400,2
10944000,2
10947600,2
10951200,0
10954800,0
10958400,0
10962000,0
10965600,0
10969200,0
10972800,0
10976400,0
10980000,0
10983600,0
10987200,0
10990800,0
10994400,0
10998000,0
11001600,2
11005200,2
11008800,2
11012400,2
11016000,2
11019600,2
11023200,2
11026800,2
11030400,2
11034000,2
11037600,0
11041200,0
11044800,0
11048400,0
11052000,0
11055600,0
11059200,0
11062800,0
11066400,0
11070000,0
11073600,0
11077200,0
11080800,0
11084400,0
11088000,2
11091600,2
11095200,2
11098800,2
11102400,2
11106000,2
11109600,2
11113200,2
11116800,2
11120400,2
11124000,0
11127600,0
11131200,0
11134800,0
11138400,0
11142000,0
11145600,0
11149200,0
11152800,0
11156400,0
11160000,0
11163600,0
11167200,0
11170800,0
11174400,2
11178000,2
11181600,2
11185200,2
11188800,2
11192400,2
11196000,2
11199600,2
11203200,2
11206800,2
11210400,0
11214000,0
11217600,0
11221200,0
11224800,0
11228400,0
11232000,0
11235600,0
11239200,0
11242800,0
11246400,0
11250000,0
11253600,0
11257200,0
11260800,2
11264400,2
11268000,2
11271600,2
11275200,2
11278800,2
11282400,2
11286000,2
11289600,2
11293200,2
11296800,0
11300400,0
11304000,0
11307600,0
11311200,0
11314800,0
11318400,0
11322000,0
11325600,0
11329200,0
11332800,0
11336400,0
11340000,0
11343600,0
11347200,2
11350800,2
11354400,2
11358000,2
11361600,2
11365200,2
11368800,2
11372400,2
11376000,2
11379600,2
11383200,0
11386800,0
11390400,0
11394000,0
11397600,0
11401200,0
11404800,0
11408400,0
11412000,0
11415600,0
11419200,0
11422800,0
11426400,0
11430000,0
11433600,2
11437200,2
11440800,2
11444400,2
11448000,2
11451600,2
11455200,2
11458800,2
11462400,2
11466000,2
11469600,0
11473200,0
11476800,0
11480400,0
11484000,0
11487600,0
11491200,0
11494800,0
11498400,0
11502000,0
11505600,0
11509200,0
11512800,0
11516400,0
11520000,2
11523600,2
11527200,2
11530800,2
11534400,2
11538000,2
11541600,2
11545200,2
11548800,2
11552400,2
11556000,0
11559600,0
11563200,0
11566800,0
11570400,0
11574000,0
11577600,0
11581200,0
11584800,0
11588400,0
11592000,0
11595600,0
11599200,0
11602800,0
11606400,2
11610000,2
11613600,2
11617200,2
11620800,2
11624400,2
11628000,2
11631600,2
11635200,2
11638800,2
11642400,0
11646000,0
11649600,0
11653200,0
11656800,0
11660400,0
11664000,0
11667600,0
11671200,0
11674800,0
11678400,0
11682000,0
11685600,0
11689200,0
11692800,2
11696400,2
11700000,2
11703600,2
11707200,2
11710800,2
11714400,2
11718000,2
11721600,2
11725200,2
11728800,0
11732400,0
11736000,0
11739600,0
11743200,0
11746800,0
11750400,0
11754000,0
11757600,0
11761200,0
11764800,0
11768400,0
11772000,0
11775600,0
11779200,2
11782800,2
11786400,2
11790000,2
11793600,2
11797200,2
11800800,2
11804400,2
11808000,2
11811600,2
11815200,0
11818800,0
11822400,0
11826000,0
11829600,0
11833200,0
11836800,0
11840400,0
11844000,0
11847600,0
11851200,0
11854800,0
11858400,0
11862000,0
11865600,2
11869200,2
11872800,2
11876400,2
11880000,2
11883600,2
11887200,2
11890800,2
11894400,2
11898000,2
11901600,0
11905200,0
11908800,0
11912400,0
11916000,0
11919600,0
11923200,0
11926800,0
11930400,0
11934000,0
11937600,0
11941200,0
11944800,0
11948400,0
11952000,2
11955600,2
11959200,2
11962800,2
11966400,2
11970000,2
11973600,2
11977200,2
11980800,2
11984400,2
11988000,0
11991600,0
11995200,0
11998800,0
12002400,0
12006000,0
12009600,0
12013200,0
12016800,0
12020400,0
12024000,0
12027600,0
12031200,0
12034800,0
12038400,2
12042000,2
12045600,2
12049200,2
12052800,2
12056400,2
12060000,2
12063600,2
12067200,2
12070800,2
12074400,0
12078000,0
12081600,0
12085200,0
12088800,0
12092400,0
12096000,0
12099600,0
12103200,0
12106800,0
12110400,0
12114000,0
12117600,0
12121200,0
12124800,2
12128400,2
12132000,2
12135600,2
12139200,2
12142800,2
12146400,2
12150000,2
12153600,2
12157200,2
12160800,0
12164400,0
12168000,0
12171600,0
12175200,0
12178800,0
12182400,0
12186000,0
12189600,0
12193200,0
12196800,0
12200400,0
12204000,0
12207600,0
12211200,2
12214800,2
12218400,2
12222000,2
12225600,2
12229200,2
12232800,2
12236400,2
12240000,2
12243600,2
12247200,0
12250800,0
12254400,0
12258000,0
12261600,0
12265200,0
12268800,0
12272400,0
12276000,0
12279600,0
12283200,0
12286800,0
12290400,0
12294000,0
12297600,2
12301200,2
12304800,2
12308400,2
12312000,2
12315600,2
12319200,2
12322800,2
12326400,2
12330000,2
12333600,0
12337200,0
12340800,0
12344400,0
12348000,0
12351600,0
12355200,0
12358800,0
12362400,0
12366000,0
12369600,0
12373200,0
12376800,0
12380400,0
12384000,2
12387600,2
12391200,2
12394800,2
12398400,2
12402000,2
12405600,2
12409200,2
12412800,2
12416400,2
12420000,0
12423600,0
12427200,0
12430800,0
12434400,0
12438000,0
12441600,0
12445200,0
12448800,0
12452400,0
12456000,0
12459600,0
12463200,0
12466800,0
12470400,2
12474000,2
12477600,2
12481200,2
12484800,2
12488400,2
12492000,2
12495600,2
12499200,2
12502800,2
12506400,0
12510000,0
12513600,0
12517200,0
12520800,0
12524400,0
12528000,0
12531600,0
12535200,0
12538800,0
12542400,0
12546000,0
12549600,0
12553200,0
12556800,2
12560400,2
12564000,2
12567600,2
12571200,2
12574800,2
12578400,2
12582000,2
12585600,2
12589200,2
12592800,0
12596400,0
12600000,0
12603600,0
12607200,0
12610800,0
12614400,0
12618000,0
12621600,0
12625200,0
12628800,0
12632400,0
12636000,0
12639600,0
12643200,2
12646800,2
12650400,2
12654000,2
12657600,2
12661200,2
12664800,2
12668400,2
12672000,2
12675600,2
12679200,0
12682800,0
12686400,0
12690000,0
12693600,0
12697200,0
12700800,0
12704400,0
12708000,0
12711600,0
12715200,0
12718800,0
12722400,0
12726000,0
12729600,2
12733200,2
12736800,2
12740400,2
12744000,2
12747600,2
12751200,2
12754800,2
12758400,2
12762000,2
12765600,0
12769200,0
12772800,0
12776400,0
12780000,0
12783600,0
12787200,0
12790800,0
12794400,0
12798000,0
12801600,0
12805200,0
12808800,0
12812400,0
12816000,2
12819600,2
12823200,2
12826800,2
12830400,2
12834000,2
12837600,2
12841200,2
12844800,2
12848400,2
12852000,0
12855600,0
12859200,0
12862800,0
12866400,0
12870000,0
12873600,0
12877200,0
12880800,0
12884400,0
12888000,0
12891600,0
12895200,0
12898800,0
12902400,2
12906000,2
12909600,2
12913200,2
12916800,2
12920400,2
12924000,2
12927600,2
12931200,2
12934800,2
12938400,0
12942000,0
12945600,0
12949200,0
12952800,0
12956400,0
12960000,0
12963600,0
12967200,0
12970800,0
12974400,0
12978000,0
12981600,0
12985200,0
12988800,2
12992400,2
12996000,2
12999600,2
13003200,2
13006800,2
13010400,2
13014000,2
13017600,2
13021200,2
13024800,0
13028400,0
13032000,0
13035600,0
13039200,0
13042800,0
13046400,0
13050000,0
13053600,0
13057200,0
13060800,0
13064400,0
13068000,0
13071600,0
13075200,2
13078800,2
13082400,2
13086000,2
13089600,2
13093200,2
13096800,2
13100400,2
13104000,2
13107600,2
13111200,0
13114800,0
13118400,0
13122000,0
13125600,0
13129200,0
13132800,0
13136400,0
13140000,0
13143600,0
13147200,0
13150800,0
13154400,0
13158000,0
13161600,2
13165200,2
13168800,2
13172400,2
13176000,2
13179600,2
13183200,2
13186800,2
13190400,2
13194000,2
13197600,0
13201200,0
13204800,0
13208400,0
13212000,0
13215600,0
13219200,0
13222800,0
13226400,0
13230000,0
13233600,0
13237200,0
13240800,0
13244400,0
13248000,2
13251600,2
13255200,2
13258800,2
13262400,2
13266000,2
13269600,2
13273200,2
13276800,2
13280400,2
13284000,0
13287600,0
13291200,0
13294800,0
13298400,0
13302000,0
13305600,0
13309200,0
13312800,0
13316400,0
13320000,0
13323600,0
13327200,0
13330800,0
13334400,2
13338000,2
13341600,2
13345200,2
13348800,2
13352400,2
13356000,2
13359600,2
13363200,2
13366800,2
13370400,0
13374000,0
13377600,0
13381200,0
13384800,0
13388400,0
13392000,0
13395600,0
13399200,0
13402800,0
13406400,0
13410000,0
13413600,0
13417200,0
13420800,2
13424400,2
13428000,2
13431600,2
13435200,2
13438800,2
13442400,2
13446000,2
13449600,2
13453200,2
13456800,0
13460400,0
13464000,0
13467600,0
13471200,0
13474800,0
13478400,0
13482000,0
13485600,0
13489200,0
13492800,0
13496400,0
13500000,0
13503600,0
13507200,2
13510800,2
13514400,2
13518000,2
13521600,2
13525200,2
13528800,2
13532400,2
13536000,2
13539600,2
13543200,0
13546800,0
13550400,0
13554000,0
13557600,0
13561200,0
13564800,0
13568400,0
13572000,0
13575600,0
13579200,0
13582800,0
13586400,0
13590000,0
13593600,2
13597200,2
13600800,2
13604400,2
13608000,2
13611600,2
13615200,2
13618800,2
13622400,2
13626000,2
13629600,0
13633200,0
13636800,0
13640400,0
13644000,0
13647600,0
13651200,0
13654800,0
13658400,0
13662000,0
13665600,0
13669200,0
13672800,0
13676400,0
13680000,2
13683600,2
13687200,2
13690800,2
13694400,2
13698000,2
13701600,2
13705200,2
13708800,2
13712400,2
13716000,0
13719600,0
13723200,0
13726800,0
13730400,0
13734000,0
13737600,0
13741200,0
13744800,0
13748400,0
13752000,0
13755600,0
13759200,0
13762800,0
13766400,2
13770000,2
13773600,2
13777200,2
13780800,2
13784400,2
13788000,2
13791600,2
13795200,2
13798800,2
13802400,0
13806000,0
13809600,0
13813200,0
13816800,0
13820400,0
13824000,0
13827600,0
13831200,0
13834800,0
13838400,0
13842000,0
13845600,0
13849200,0
13852800,2
13856400,2
13860000,2
13863600,2
13867200,2
13870800,2
13874400,2
13878000,2
13881600,2
13885200,2
13888800,0
13892400,0
13896000,0
13899600,0
13903200,0
13906800,0
13910400,0
13914000,0
13917600,0
13921200,0
13924800,0
13928400,0
13932000,0
13935600,0
13939200,2
13942800,2
13946400,2
13950000,2
13953600,2
13957200,2
13960800,2
13964400,2
13968000,2
13971600,2
13975200,0
13978800,0
13982400,0
13986000,0
13989600,0
13993200,0
13996800,0
14000400,0
14004000,0
14007600,0
14011200,0
14014800,0
14018400,0
14022000,0
14025600,2
14029200,2
14032800,2
14036400,2
14040000,2
14043600,2
14047200,2
14050800,2
14054400,2
14058000,2
14061600,0
14065200,0
14068800,0
14072400,0
14076000,0
14079600,0
14083200,0
14086800,0
14090400,0
14094000,0
14097600,0
14101200,0
14104800,0
14108400,0
14112000,2
14115600,2
14119200,2
14122800,2
14126400,2
14130000,2
14133600,2
14137200,2
14140800,2
14144400,2
14148000,0
14151600,0
14155200,0
14158800,0
14162400,0
14166000,0
14169600,0
14173200,0
14176800,0
14180400,0
14184000,0
14187600,0
14191200,0
14194800,0
14198400,2
14202000,2
14205600,2
14209200,2
14212800,2
14216400,2
14220000,2
14223600,2
14227200,2
14230800,2
14234400,0
14238000,0
14241600,0
14245200,0
14248800,0
14252400,0
14256000,0
14259600,0
14263200,0
14266800,0
14270400,0
14274000,0
14277600,0
14281200,0
14284800,2
14288400,2
14292000,2
14295600,2
14299200,2
14302800,2
14306400,2
14310000,2
14313600,2
14317200,2
14320800,0
14324400,0
14328000,0
14331600,0
14335200,0
14338800,0
14342400,0
14346000,0
14349600,0
14353200,0
14356800,0
14360400,0
14364000,0
14367600,0
14371200,2
14374800,2
14378400,2
14382000,2
14385600,2
14389200,2
14392800,2
14396400,2
14400000,2
14403600,2
14407200,0
14410800,0
14414400,0
14418000,0
14421600,0
14425200,0
14428800,0
14432400,0
14436000,0
14439600,0
14443200,0
14446800,0
14450400,0
14454000,0
14457600,2
14461200,2
14464800,2
14468400,2
14472000,2
14475600,2
14479200,2
14482800,2
14486400,2
14490000,2
14493600,0
14497200,0
14500800,0
14504400,0
14508000,0
14511600,0
14515200,0
14518800,0
14522400,0
14526000,0
14529600,0
14533200,0
14536800,0
14540400,0
14544000,2
14547600,2
14551200,2
14554800,2
14558400,2
14562000,2
14565600,2
14569200,2
14572800,2
14576400,2
14580000,0
14583600,0
14587200,0
14590800,0
14594400,0
14598000,0
14601600,0
14605200,0
14608800,0
14612400,0
14616000,0
14619600,0
14623200,0
14626800,0
14630400,2
14634000,2
14637600,2
14641200,2
14644800,2
14648400,2
14652000,2
14655600,2
14659200,2
14662800,2
14666400,0
14670000,0
14673600,0
14677200,0
14680800,0
14684400,0
14688000,0
14691600,0
14695200,0
14698800,0
14702400,0
14706000,0
14709600,0
14713200,0
14716800,2
14720400,2
14724000,2
14727600,2
14731200,2
14734800,2
14738400,2
14742000,2
14745600,2
14749200,2
14752800,0
14756400,0
14760000,0
14763600,0
14767200,0
14770800,0
14774400,0
14778000,0
14781600,0
14785200,0
14788800,0
14792400,0
14796000,0
14799600,0
14803200,2
14806800,2
14810400,2
14814000,2
14817600,2
14821200,2
14824800,2
14828400,2
14832000,2
14835600,2
14839200,0
14842800,0
14846400,0
14850000,0
14853600,0
14857200,0
14860800,0
14864400,0
14868000,0
14871600,0
14875200,0
14878800,0
14882400,0
14886000,0
14889600,2
14893200,2
14896800,2
14900400,2
14904000,2
14907600,2
14911200,2
14914800,2
14918400,2
14922000,2
14925600,0
14929200,0
14932800,0
14936400,0
14940000,0
14943600,0
14947200,0
14950800,0
14954400,0
14958000,0
14961600,0
14965200,0
14968800,0
14972400,0
14976000,2
14979600,2
14983200,2
14986800,2
14990400,2
14994000,2
14997600,2
15001200,2
15004800,2
15008400,2
15012000,0
15015600,0
15019200,0
15022800,0
15026400,0
15030000,0
15033600,0
15037200,0
15040800,0
15044400,0
15048000,0
15051600,0
15055200,0
15058800,0
15062400,2
15066000,2
15069600,2
15073200,2
15076800,2
15080400,2
15084000,2
15087600,2
15091200,2
15094800,2
15098400,0
15102000,0
15105600,0
15109200,0
15112800,0
15116400,0
15120000,0
15123600,0
15127200,0
15130800,0
15134400,0
15138000,0
15141600,0
15145200,0
15148800,2
15152400,2
15156000,2
15159600,2
15163200,2
15166800,2
15170400,2
15174000,2
15177600,2
15181200,2
15184800,0
15188400,0
15192000,0
15195600,0
15199200,0
15202800,0
15206400,0
15210000,0
15213600,0
15217200,0
15220800,0
15224400,0
15228000,0
15231600,0
15235200,2
15238800,2
15242400,2
15246000,2
15249600,2
15253200,2
15256800,2
15260400,2
15264000,2
15267600,2
15271200,0
15274800,0
15278400,0
15282000,0
15285600,0
15289200,0
15292800,0
15296400,0
15300000,0
15303600,0
15307200,0
15310800,0
15314400,0
15318000,0
15321600,2
15325200,2
15328800,2
15332400,2
15336000,2
15339600,2
15343200,2
15346800,2
15350400,2
15354000,2
15357600,0
15361200,0
15364800,0
15368400,0
15372000,0
15375600,0
15379200,0
15382800,0
15386400,0
15390000,0
15393600,0
15397200,0
15400800,0
15404400,0
15408000,2
15411600,2
15415200,2
15418800,2
15422400,2
15426000,2
15429600,2
15433200,2
15436800,2
15440400,2
15444000,0
15447600,0
15451200,0
15454800,0
15458400,0
15462000,0
15465600,0
15469200,0
15472800,0
15476400,0
15480000,0
15483600,0
15487200,0
15490800,0
15494400,2
15498000,2
15501600,2
15505200,2
15508800,2
15512400,2
15516000,2
15519600,2
15523200,2
15526800,2
15530400,0
15534000,0
15537600,0
15541200,0
15544800,0
15548400,0
15552000,0
15555600,0
15559200,0
15562800,0
15566400,0
15570000,0
15573600,0
15577200,0
15580800,2
15584400,2
15588000,2
15591600,2
15595200,2
15598800,2
15602400,2
15606000,2
15609600,2
15613200,2
15616800,0
15620400,0
15624000,0
15627600,0
15631200,0
15634800,0
15638400,0
15642000,0
15645600,0
15649200,0
15652800,0
15656400,0
15660000,0
15663600,0
15667200,2
15670800,2
15674400,2
15678000,2
15681600,2
15685200,2
15688800,2
15692400,2
15696000,2
15699600,2
15703200,0
15706800,0
15710400,0
15714000,0
15717600,0
15721200,0
15724800,0
15728400,0
15732000,0
15735600,0
15739200,0
15742800,0
15746400,0
15750000,0
15753600,2
15757200,2
15760800,2
15764400,2
15768000,2
15771600,2
15775200,2
15778800,2
15782400,2
15786000,2
15789600,0
15793200,0
15796800,0
15800400,0
15804000,0
15807600,0
15811200,0
15814800,0
15818400,0
15822000,0
15825600,0
15829200,0
15832800,0
15836400,0
15840000,2
15843600,2
15847200,2
15850800,2
15854400,2
15858000,2
15861600,2
15865200,2
15868800,2
15872400,2
15876000,0
15879600,0
15883200,0
15886800,0
15890400,0
15894000,0
15897600,0
15901200,0
15904800,0
15908400,0
15912000,0
15915600,0
15919200,0
15922800,0
15926400,2
15930000,2
15933600,2
15937200,2
15940800,2
15944400,2
15948000,2
15951600,2
15955200,2
15958800,2
15962400,0
15966000,0
15969600,0
15973200,0
15976800,0
15980400,0
15984000,0
15987600,0
15991200,0
15994800,0
15998400,0
16002000,0
16005600,0
16009200,0
16012800,2
16016400,2
16020000,2
16023600,2
16027200,2
16030800,2
16034400,2
16038000,2
16041600,2
16045200,2
16048800,0
16052400,0
16056000,0
16059600,0
16063200,0
16066800,0
16070400,0
16074000,0
16077600,0
16081200,0
16084800,0
16088400,0
16092000,0
16095600,0
16099200,2
16102800,2
16106400,2
16110000,2
16113600,2
16117200,2
16120800,2
16124400,2
16128000,2
16131600,2
16135200,0
16138800,0
16142400,0
16146000,0
16149600,0
16153200,0
16156800,0
16160400,0
16164000,0
16167600,0
16171200,0
16174800,0
16178400,0
16182000,0
16185600,2
16189200,2
16192800,2
16196400,2
16200000,2
16203600,2
16207200,2
16210800,2
16214400,2
16218000,2
16221600,0
16225200,0
16228800,0
16232400,0
16236000,0
16239600,0
16243200,0
16246800,0
16250400,0
16254000,0
16257600,0
16261200,0
16264800,0
16268400,0
16272000,2
16275600,2
16279200,2
16282800,2
16286400,2
16290000,2
16293600,2
16297200,2
16300800,2
16304400,2
16308000,0
16311600,0
16315200,0
16318800,0
16322400,0
16326000,0
16329600,0
16333200,0
16336800,0
16340400,0
16344000,0
16347600,0
16351200,0
16354800,0
16358400,2
16362000,2
16365600,2
16369200,2
16372800,2
16376400,2
16380000,2
16383600,2
16387200,2
16390800,2
16394400,0
16398000,0
16401600,0
16405200,0
16408800,0
16412400,0
16416000,0
16419600,0
16423200,0
16426800,0
16430400,0
16434000,0
16437600,0
16441200,0
16444800,2
16448400,2
16452000,2
16455600,2
16459200,2
16462800,2
16466400,2
16470000,2
16473600,2
16477200,2
16480800,0
16484400,0
16488000,0
16491600,0
16495200,0
16498800,0
16502400,0
16506000,0
16509600,0
16513200,0
16516800,0
16520400,0
16524000,0
16527600,0
16531200,2
16534800,2
16538400,2
16542000,2
16545600,2
16549200,2
16552800,2
16556400,2
16560000,2
16563600,2
16567200,0
16570800,0
16574400,0
16578000,0
16581600,0
16585200,0
16588800,0
16592400,0
16596000,0
16599600,0
16603200,0
16606800,0
16610400,0
16614000,0
16617600,2
16621200,2
16624800,2
16628400,2
16632000,2
16635600,2
16639200,2
16642800,2
16646400,2
16650000,2
16653600,0
16657200,0
16660800,0
16664400,0
16668000,0
16671600,0
16675200,0
16678800,0
16682400,0
16686000,0
16689600,0
16693200,0
16696800,0
16700400,0
16704000,2
16707600,2
16711200,2
16714800,2
16718400,2
16722000,2
16725600,2
16729200,2
16732800,2
16736400,2
16740000,0
16743600,0
16747200,0
16750800,0
16754400,0
16758000,0
16761600,0
16765200,0
16768800,0
16772400,0
16776000,0
16779600,0
16783200,0
16786800,0
16790400,2
16794000,2
16797600,2
16801200,2
16804800,2
16808400,2
16812000,2
16815600,2
16819200,2
16822800,2
16826400,0
16830000,0
16833600,0
16837200,0
16840800,0
16844400,0
16848000,0
16851600,0
16855200,0
16858800,0
16862400,0
16866000,0
16869600,0
16873200,0
16876800,2
16880400,2
16884000,2
16887600,2
16891200,2
16894800,2
16898400,2
16902000,2
16905600,2
16909200,2
16912800,0
16916400,0
16920000,0
16923600,0
16927200,0
16930800,0
16934400,0
16938000,0
16941600,0
16945200,0
16948800,0
16952400,0
16956000,0
16959600,0
16963200,2
16966800,2
16970400,2
16974000,2
16977600,2
16981200,2
16984800,2
16988400,2
16992000,2
16995600,2
16999200,0
17002800,0
17006400,0
17010000,0
17013600,0
17017200,0
17020800,0
17024400,0
17028000,0
17031600,0
17035200,0
17038800,0
17042400,0
17046000,0
17049600,2
17053200,2
17056800,2
17060400,2
17064000,2
17067600,2
17071200,2
17074800,2
17078400,2
17082000,2
17085600,0
17089200,0
17092800,0
17096400,0
17100000,0
17103600,0
17107200,0
17110800,0
17114400,0
17118000,0
17121600,0
17125200,0
17128800,0
17132400,0
17136000,2
17139600,2
17143200,2
17146800,2
17150400,2
17154000,2
17157600,2
17161200,2
17164800,2
17168400,2
17172000,0
17175600,0
17179200,0
17182800,0
17186400,0
17190000,0
17193600,0
17197200,0
17200800,0
17204400,0
17208000,0
17211600,0
17215200,0
17218800,0
17222400,2
17226000,2
17229600,2
17233200,2
17236800,2
17240400,2
17244000,2
17247600,2
17251200,2
17254800,2
17258400,0
17262000,0
17265600,0
17269200,0
17272800,0
17276400,0
17280000,0
17283600,0
17287200,0
17290800,0
17294400,0
17298000,0
17301600,0
17305200,0
17308800,2
17312400,2
17316000,2
17319600,2
17323200,2
17326800,2
17330400,2
17334000,2
17337600,2
17341200,2
17344800,0
17348400,0
17352000,0
17355600,0
17359200,0
17362800,0
17366400,0
17370000,0
17373600,0
17377200,0
17380800,0
17384400,0
17388000,0
17391600,0
17395200,2
17398800,2
17402400,2
17406000,2
17409600,2
17413200,2
17416800,2
17420400,2
17424000,2
17427600,2
17431200,0
17434800,0
17438400,0
17442000,0
17445600,0
17449200,0
17452800,0
17456400,0
17460000,0
17463600,0
17467200,0
17470800,0
17474400,0
17478000,0
17481600,2
17485200,2
17488800,2
17492400,2
17496000,2
17499600,2
17503200,2
17506800,2
17510400,2
17514000,2
17517600,0
17521200,0
17524800,0
17528400,0
17532000,0
17535600,0
17539200,0
17542800,0
17546400,0
17550000,0
17553600,0
17557200,0
17560800,0
17564400,0
17568000,2
17571600,2
17575200,2
17578800,2
17582400,2
17586000,2
17589600,2
17593200,2
17596800,2
17600400,2
17604000,0
17607600,0
17611200,0
17614800,0
17618400,0
17622000,0
17625600,0
17629200,0
17632800,0
17636400,0
17640000,0
17643600,0
17647200,0
17650800,0
17654400,2
17658000,2
17661600,2
17665200,2
17668800,2
17672400,2
17676000,2
17679600,2
17683200,2
17686800,2
17690400,0
17694000,0
17697600,0
17701200,0
17704800,0
17708400,0
17712000,0
17715600,0
17719200,0
17722800,0
17726400,0
17730000,0
17733600,0
17737200,0
17740800,2
17744400,2
17748000,2
17751600,2
17755200,2
17758800,2
17762400,2
17766000,2
17769600,2
17773200,2
17776800,0
17780400,0
17784000,0
17787600,0
17791200,0
17794800,0
17798400,0
17802000,0
17805600,0
17809200,0
17812800,0
17816400,0
17820000,0
17823600,0
17827200,2
17830800,2
17834400,2
17838000,2
17841600,2
17845200,2
17848800,2
17852400,2
17856000,2
17859600,2
17863200,0
17866800,0
17870400,0
17874000,0
17877600,0
17881200,0
17884800,0
17888400,0
17892000,0
17895600,0
17899200,0
17902800,0
17906400,0
17910000,0
17913600,2
17917200,2
17920800,2
17924400,2
17928000,2
17931600,2
17935200,2
17938800,2
17942400,2
17946000,2
17949600,0
17953200,0
17956800,0
17960400,0
17964000,0
17967600,0
17971200,0
17974800,0
17978400,0
17982000,0
17985600,0
17989200,0
17992800,0
17996400,0
18000000,2
18003600,2
18007200,2
18010800,2
18014400,2
18018000,2
18021600,2
18025200,2
18028800,2
18032400,2
18036000,0
18039600,0
18043200,0
18046800,0
18050400,0
18054000,0
18057600,0
18061200,0
18064800,0
18068400,0
18072000,0
18075600,0
18079200,0
18082800,0
18086400,2
18090000,2
18093600,2
18097200,2
18100800,2
18104400,2
18108000,2
18111600,2
18115200,2
18118800,2
18122400,0
18126000,0
18129600,0
18133200,0
18136800,0
18140400,0
18144000,0
18147600,0
18151200,0
18154800,0
18158400,0
18162000,0
18165600,0
18169200,0
18172800,2
18176400,2
18180000,2
18183600,2
18187200,2
18190800,2
18194400,2
18198000,2
18201600,2
18205200,2
18208800,0
18212400,0
18216000,0
18219600,0
18223200,0
18226800,0
18230400,0
18234000,0
18237600,0
18241200,0
18244800,0
18248400,0
18252000,0
18255600,0
18259200,2
18262800,2
18266400,2
18270000,2
18273600,2
18277200,2
18280800,2
18284400,2
18288000,2
18291600,2
18295200,0
18298800,0
18302400,0
18306000,0
18309600,0
18313200,0
18316800,0
18320400,0
18324000,0
18327600,0
18331200,0
18334800,0
18338400,0
18342000,0
18345600,2
18349200,2
18352800,2
18356400,2
18360000,2
18363600,2
18367200,2
18370800,2
18374400,2
18378000,2
18381600,0
18385200,0
18388800,0
18392400,0
18396000,0
18399600,0
18403200,0
18406800,0
18410400,0
18414000,0
18417600,0
18421200,0
18424800,0
18428400,0
18432000,2
18435600,2
18439200,2
18442800,2
18446400,2
18450000,2
18453600,2
18457200,2
18460800,2
18464400,2
18468000,0
18471600,0
18475200,0
18478800,0
18482400,0
18486000,0
18489600,0
18493200,0
18496800,0
18500400,0
18504000,0
18507600,0
18511200,0
18514800,0
18518400,2
18522000,2
18525600,2
18529200,2
18532800,2
18536400,2
18540000,2
18543600,2
18547200,2
18550800,2
18554400,0
18558000,0
18561600,0
18565200,0
18568800,0
18572400,0
18576000,0
18579600,0
18583200,0
18586800,0
18590400,0
18594000,0
18597600,0
18601200,0
18604800,2
18608400,2
18612000,2
18615600,2
18619200,2
18622800,2
18626400,2
18630000,2
18633600,2
18637200,2
18640800,0
18644400,0
18648000,0
18651600,0
18655200,0
18658800,0
18662400,0
18666000,0
18669600,0
18673200,0
18676800,0
18680400,0
18684000,0
18687600,0
18691200,2
18694800,2
18698400,2
18702000,2
18705600,2
18709200,2
18712800,2
18716400,2
18720000,2
18723600,2
18727200,0
18730800,0
18734400,0
18738000,0
18741600,0
18745200,0
18748800,0
18752400,0
18756000,0
18759600,0
18763200,0
18766800,0
18770400,0
18774000,0
18777600,2
18781200,2
18784800,2
18788400,2
18792000,2
18795600,2
18799200,2
18802800,2
18806400,2
18810000,2
18813600,0
18817200,0
18820800,0
18824400,0
18828000,0
18831600,0
18835200,0
18838800,0
18842400,0
18846000,0
18849600,0
18853200,0
18856800,0
18860400,0
18864000,2
18867600,2
18871200,2
18874800,2
18878400,2
18882000,2
18885600,2
18889200,2
18892800,2
18896400,2
18900000,0
18903600,0
18907200,0
18910800,0
18914400,0
18918000,0
18921600,0
18925200,0
18928800,0
18932400,0
18936000,0
18939600,0
18943200,0
18946800,0
18950400,2
18954000,2
18957600,2
18961200,2
18964800,2
18968400,2
18972000,2
18975600,2
18979200,2
18982800,2
18986400,0
18990000,0
18993600,0
18997200,0
19000800,0
19004400,0
19008000,0
19011600,0
19015200,0
19018800,0
19022400,0
19026000,0
19029600,0
19033200,0
19036800,2
19040400,2
19044000,2
19047600,2
19051200,2
19054800,2
19058400,2
19062000,2
19065600,2
19069200,2
19072800,0
19076400,0
19080000,0
19083600,0
19087200,0
19090800,0
19094400,0
19098000,0
19101600,0
19105200,0
19108800,0
19112400,0
19116000,0
19119600,0
19123200,2
19126800,2
19130400,2
19134000,2
19137600,2
19141200,2
19144800,2
19148400,2
19152000,2
19155600,2
19159200,0
19162800,0
19166400,0
19170000,0
19173600,0
19177200,0
19180800,0
19184400,0
19188000,0
19191600,0
19195200,0
19198800,0
19202400,0
19206000,0
19209600,2
19213200,2
19216800,2
19220400,2
19224000,2
19227600,2
19231200,2
19234800,2
19238400,2
19242000,2
19245600,0
19249200,0
19252800,0
19256400,0
19260000,0
19263600,0
19267200,0
19270800,0
19274400,0
19278000,0
19281600,0
19285200,0
19288800,0
19292400,0
19296000,2
19299600,2
19303200,2
19306800,2
19310400,2
19314000,2
19317600,2
19321200,2
19324800,2
19328400,2
19332000,0
19335600,0
19339200,0
19342800,0
19346400,0
19350000,0
19353600,0
19357200,0
19360800,0
19364400,0
19368000,0
19371600,0
19375200,0
19378800,0
19382400,2
19386000,2
19389600,2
19393200,2
19396800,2
19400400,2
19404000,2
19407600,2
19411200,2
19414800,2
19418400,0
19422000,0
19425600,0
19429200,0
19432800,0
19436400,0
19440000,0
19443600,0
19447200,0
19450800,0
19454400,0
19458000,0
19461600,0
19465200,0
19468800,2
19472400,2
19476000,2
19479600,2
19483200,2
19486800,2
19490400,2
19494000,2
19497600,2
19501200,2
19504800,0
19508400,0
19512000,0
19515600,0
19519200,0
19522800,0
19526400,0
19530000,0
19533600,0
19537200,0
19540800,0
19544400,0
19548000,0
19551600,0
19555200,2
19558800,2
19562400,2
19566000,2
19569600,2
19573200,2
19576800,2
19580400,2
19584000,2
19587600,2
19591200,0
19594800,0
19598400,0
19602000,0
19605600,0
19609200,0
19612800,0
19616400,0
19620000,0
19623600,0
19627200,0
19630800,0
19634400,0
19638000,0
19641600,2
19645200,2
19648800,2
19652400,2
19656000,2
19659600,2
19663200,2
19666800,2
19670400,2
19674000,2
19677600,0
19681200,0
19684800,0
19688400,0
19692000,0
19695600,0
19699200,0
19702800,0
19706400,0
19710000,0
19713600,0
19717200,0
19720800,0
19724400,0
19728000,2
19731600,2
19735200,2
19738800,2
19742400,2
19746000,2
19749600,2
19753200,2
19756800,2
19760400,2
19764000,0
19767600,0
19771200,0
19774800,0
19778400,0
19782000,0
19785600,0
19789200,0
19792800,0
19796400,0
19800000,0
19803600,0
19807200,0
19810800,0
19814400,2
19818000,2
19821600,2
19825200,2
19828800,2
19832400,2
19836000,2
19839600,2
19843200,2
19846800,2
19850400,0
19854000,0
19857600,0
19861200,0
19864800,0
19868400,0
19872000,0
19875600,0
19879200,0
19882800,0
19886400,0
19890000,0
19893600,0
19897200,0
19900800,2
19904400,2
19908000,2
19911600,2
19915200,2
19918800,2
19922400,2
19926000,2
19929600,2
19933200,2
19936800,0
19940400,0
19944000,0
19947600,0
19951200,0
19954800,0
19958400,0
19962000,0
19965600,0
19969200,0
19972800,0
19976400,0
19980000,0
19983600,0
19987200,2
19990800,2
19994400,2
19998000,2
20001600,2
20005200,2
20008800,2
20012400,2
20016000,2
20019600,2
20023200,0
20026800,0
20030400,0
20034000,0
20037600,0
20041200,0
20044800,0
20048400,0
20052000,0
20055600,0
20059200,0
20062800,0
20066400,0
20070000,0
20073600,2
20077200,2
20080800,2
20084400,2
20088000,2
20091600,2
20095200,2
20098800,2
20102400,2
20106000,2
20109600,0
20113200,0
20116800,0
20120400,0
20124000,0
20127600,0
20131200,0
20134800,0
20138400,0
20142000,0
20145600,0
20149200,0
20152800,0
20156400,0
20160000,2
20163600,2
20167200,2
20170800,2
20174400,2
20178000,2
20181600,2
20185200,2
20188800,2
20192400,2
20196000,0
20199600,0
20203200,0
20206800,0
20210400,0
20214000,0
20217600,0
20221200,0
20224800,0
20228400,0
20232000,0
20235600,0
20239200,0
20242800,0
20246400,2
20250000,2
20253600,2
20257200,2
20260800,2
20264400,2
20268000,2
20271600,2
20275200,2
20278800,2
20282400,0
20286000,0
20289600,0
20293200,0
20296800,0
20300400,0
20304000,0
20307600,0
20311200,0
20314800,0
20318400,0
20322000,0
20325600,0
20329200,0
20332800,2
20336400,2
20340000,2
20343600,2
20347200,2
20350800,2
20354400,2
20358000,2
20361600,2
20365200,2
20368800,0
20372400,0
20376000,0
20379600,0
20383200,0
20386800,0
20390400,0
20394000,0
20397600,0
20401200,0
20404800,0
20408400,0
20412000,0
20415600,0
20419200,2
20422800,2
20426400,2
20430000,2
20433600,2
20437200,2
20440800,2
20444400,2
20448000,2
20451600,2
20455200,0
20458800,0
20462400,0
20466000,0
20469600,0
20473200,0
20476800,0
20480400,0
20484000,0
20487600,0
20491200,0
20494800,0
20498400,0
20502000,0
20505600,2
20509200,2
20512800,2
20516400,2
20520000,2
20523600,2
20527200,2
20530800,2
20534400,2
20538000,2
20541600,0
20545200,0
20548800,0
20552400,0
20556000,0
20559600,0
20563200,0
20566800,0
20570400,0
20574000,0
20577600,0
20581200,0
20584800,0
20588400,0
20592000,2
20595600,2
20599200,2
20602800,2
20606400,2
20610000,2
20613600,2
20617200,2
20620800,2
20624400,2
20628000,0
20631600,0
20635200,0
20638800,0
20642400,0
20646000,0
20649600,0
20653200,0
20656800,0
20660400,0
20664000,0
20667600,0
20671200,0
20674800,0
20678400,2
20682000,2
20685600,2
20689200,2
20692800,2
20696400,2
20700000,2
20703600,2
20707200,2
20710800,2
20714400,0
20718000,0
20721600,0
20725200,0
20728800,0
20732400,0
20736000,0
20739600,0
20743200,0
20746800,0
20750400,0
20754000,0
20757600,0
20761200,0
20764800,2
20768400,2
20772000,2
20775600,2
20779200,2
20782800,2
20786400,2
20790000,2
20793600,2
20797200,2
20800800,0
20804400,0
20808000,0
20811600,0
20815200,0
20818800,0
20822400,0
20826000,0
20829600,0
20833200,0
20836800,0
20840400,0
20844000,0
20847600,0
20851200,2
20854800,2
20858400,2
20862000,2
20865600,2
20869200,2
20872800,2
20876400,2
20880000,2
20883600,2
20887200,0
20890800,0
20894400,0
20898000,0
20901600,0
20905200,0
20908800,0
20912400,0
20916000,0
20919600,0
20923200,0
20926800,0
20930400,0
20934000,0
20937600,2
20941200,2
20944800,2
20948400,2
20952000,2
20955600,2
20959200,2
20962800,2
20966400,2
20970000,2
20973600,0
20977200,0
20980800,0
20984400,0
20988000,0
20991600,0
20995200,0
20998800,0
21002400,0
21006000,0
21009600,0
21013200,0
21016800,0
21020400,0
21024000,2
21027600,2
21031200,2
21034800,2
21038400,2
21042000,2
21045600,2
21049200,2
21052800,2
21056400,2
21060000,0
21063600,0
21067200,0
21070800,0
21074400,0
21078000,0
21081600,0
21085200,0
21088800,0
21092400,0
21096000,0
21099600,0
21103200,0
21106800,0
21110400,2
21114000,2
21117600,2
21121200,2
21124800,2
21128400,2
21132000,2
21135600,2
21139200,2
21142800,2
21146400,0
21150000,0
21153600,0
21157200,0
21160800,0
21164400,0
21168000,0
21171600,0
21175200,0
21178800,0
21182400,0
21186000,0
21189600,0
21193200,0
21196800,2
21200400,2
21204000,2
21207600,2
21211200,2
21214800,2
21218400,2
21222000,2
21225600,2
21229200,2
21232800,0
21236400,0
21240000,0
21243600,0
21247200,0
21250800,0
21254400,0
21258000,0
21261600,0
21265200,0
21268800,0
21272400,0
21276000,0
21279600,0
21283200,2
21286800,2
21290400,2
21294000,2
21297600,2
21301200,2
21304800,2
21308400,2
21312000,2
21315600,2
21319200,0
21322800,0
21326400,0
21330000,0
21333600,0
21337200,0
21340800,0
21344400,0
21348000,0
21351600,0
21355200,0
21358800,0
21362400,0
21366000,0
21369600,2
21373200,2
21376800,2
21380400,2
21384000,2
21387600,2
21391200,2
21394800,2
21398400,2
21402000,2
21405600,0
21409200,0
21412800,0
21416400,0
21420000,0
21423600,0
21427200,0
21430800,0
21434400,0
21438000,0
21441600,0
21445200,0
21448800,0
21452400,0
21456000,2
21459600,2
21463200,2
21466800,2
21470400,2
21474000,2
21477600,2
21481200,2
21484800,2
21488400,2
21492000,0
21495600,0
21499200,0
21502800,0
21506400,0
21510000,0
21513600,0
21517200,0
21520800,0
21524400,0
21528000,0
21531600,0
21535200,0
21538800,0
21542400,2
21546000,2
21549600,2
21553200,2
21556800,2
21560400,2
21564000,2
21567600,2
21571200,2
21574800,2
21578400,0
21582000,0
21585600,0
21589200,0
21592800,0
21596400,0
21600000,0
21603600,0
21607200,0
21610800,0
21614400,0
21618000,0
21621600,0
21625200,0
21628800,2
21632400,2
21636000,2
21639600,2
21643200,2
21646800,2
21650400,2
21654000,2
21657600,2
21661200,2
21664800,0
21668400,0
21672000,0
21675600,0
21679200,0
21682800,0
21686400,0
21690000,0
21693600,0
21697200,0
21700800,0
21704400,0
21708000,0
21711600,0
21715200,2
21718800,2
21722400,2
21726000,2
21729600,2
21733200,2
21736800,2
21740400,2
21744000,2
21747600,2
21751200,0
21754800,0
21758400,0
21762000,0
21765600,0
21769200,0
21772800,0
21776400,0
21780000,0
21783600,0
21787200,0
21790800,0
21794400,0
21798000,0
21801600,2
21805200,2
21808800,2
21812400,2
21816000,2
21819600,2
21823200,2
21826800,2
21830400,2
21834000,2
21837600,0
21841200,0
21844800,0
21848400,0
21852000,0
21855600,0
21859200,0
21862800,0
21866400,0
21870000,0
21873600,0
21877200,0
21880800,0
21884400,0
21888000,2
21891600,2
21895200,2
21898800,2
21902400,2
21906000,2
21909600,2
21913200,2
21916800,2
21920400,2
21924000,0
21927600,0
21931200,0
21934800,0
21938400,0
21942000,0
21945600,0
21949200,0
21952800,0
21956400,0
21960000,0
21963600,0
21967200,0
21970800,0
21974400,2
21978000,2
21981600,2
21985200,2
21988800,2
21992400,2
21996000,2
21999600,2
22003200,2
22006800,2
22010400,0
22014000,0
22017600,0
22021200,0
22024800,0
22028400,0
22032000,0
22035600,0
22039200,0
22042800,0
22046400,0
22050000,0
22053600,0
22057200,0
22060800,2
22064400,2
22068000,2
22071600,2
22075200,2
22078800,2
22082400,2
22086000,2
22089600,2
22093200,2
22096800,0
22100400,0
22104000,0
22107600,0
22111200,0
22114800,0
22118400,0
22122000,0
22125600,0
22129200,0
22132800,0
22136400,0
22140000,0
22143600,0
22147200,2
22150800,2
22154400,2
22158000,2
22161600,2
22165200,2
22168800,2
22172400,2
22176000,2
22179600,2
22183200,0
22186800,0
22190400,0
22194000,0
22197600,0
22201200,0
22204800,0
22208400,0
22212000,0
22215600,0
22219200,0
22222800,0
22226400,0
22230000,0
22233600,2
22237200,2
22240800,2
22244400,2
22248000,2
22251600,2
22255200,2
22258800,2
22262400,2
22266000,2
22269600,0
22273200,0
22276800,0
22280400,0
22284000,0
22287600,0
22291200,0
22294800,0
22298400,0
22302000,0
22305600,0
22309200,0
22312800,0
22316400,0
22320000,2
22323600,2
22327200,2
22330800,2
22334400,2
22338000,2
22341600,2
22345200,2
22348800,2
22352400,2
22356000,0
22359600,0
22363200,0
22366800,0
22370400,0
22374000,0
22377600,0
22381200,0
22384800,0
22388400,0
22392000,0
22395600,0
22399200,0
22402800,0
22406400,2
22410000,2
22413600,2
22417200,2
22420800,2
22424400,2
22428000,2
22431600,2
22435200,2
22438800,2
22442400,0
22446000,0
22449600,0
22453200,0
22456800,0
22460400,0
22464000,0
22467600,0
22471200,0
22474800,0
22478400,0
22482000,0
22485600,0
22489200,0
22492800,2
22496400,2
22500000,2
22503600,2
22507200,2
22510800,2
22514400,2
22518000,2
22521600,2
22525200,2
22528800,0
22532400,0
22536000,0
22539600,0
22543200,0
22546800,0
22550400,0
22554000,0
22557600,0
22561200,0
22564800,0
22568400,0
22572000,0
22575600,0
22579200,2
22582800,2
22586400,2
22590000,2
22593600,2
22597200,2
22600800,2
22604400,2
22608000,2
22611600,2
22615200,0
22618800,0
22622400,0
22626000,0
22629600,0
22633200,0
22636800,0
22640400,0
22644000,0
22647600,0
22651200,0
22654800,0
22658400,0
22662000,0
22665600,2
22669200,2
22672800,2
22676400,2
22680000,2
22683600,2
22687200,2
22690800,2
22694400,2
22698000,2
22701600,0
22705200,0
22708800,0
22712400,0
22716000,0
22719600,0
22723200,0
22726800,0
22730400,0
22734000,0
22737600,0
22741200,0
22744800,0
22748400,0
22752000,2
22755600,2
22759200,2
22762800,2
22766400,2
22770000,2
22773600,2
22777200,2
22780800,2
22784400,2
22788000,0
22791600,0
22795200,0
22798800,0
22802400,0
22806000,0
22809600,0
22813200,0
22816800,0
22820400,0
22824000,0
22827600,0
22831200,0
22834800,0
22838400,2
22842000,2
22845600,2
22849200,2
22852800,2
22856400,2
22860000,2
22863600,2
22867200,2
22870800,2
22874400,0
22878000,0
22881600,0
22885200,0
22888800,0
22892400,0
22896000,0
22899600,0
22903200,0
22906800,0
22910400,0
22914000,0
22917600,0
22921200,0
22924800,2
22928400,2
22932000,2
22935600,2
22939200,2
22942800,2
22946400,2
22950000,2
22953600,2
22957200,2
22960800,0
22964400,0
22968000,0
22971600,0
22975200,0
22978800,0
22982400,0
22986000,0
22989600,0
22993200,0
22996800,0
23000400,0
23004000,0
23007600,0
23011200,2
23014800,2
23018400,2
23022000,2
23025600,2
23029200,2
23032800,2
23036400,2
23040000,2
23043600,2
23047200,0
23050800,0
23054400,0
23058000,0
23061600,0
23065200,0
23068800,0
23072400,0
23076000,0
23079600,0
23083200,0
23086800,0
23090400,0
23094000,0
23097600,2
23101200,2
23104800,2
23108400,2
23112000,2
23115600,2
23119200,2
23122800,2
23126400,2
23130000,2
23133600,0
23137200,0
23140800,0
23144400,0
23148000,0
23151600,0
23155200,0
23158800,0
23162400,0
23166000,0
23169600,0
23173200,0
23176800,0
23180400,0
23184000,2
23187600,2
23191200,2
23194800,2
23198400,2
23202000,2
23205600,2
23209200,2
23212800,2
23216400,2
23220000,0
23223600,0
23227200,0
23230800,0
23234400,0
23238000,0
23241600,0
23245200,0
23248800,0
23252400,0
23256000,0
23259600,0
23263200,0
23266800,0
23270400,2
23274000,2
23277600,2
23281200,2
23284800,2
23288400,2
23292000,2
23295600,2
23299200,2
23302800,2
23306400,0
23310000,0
23313600,0
23317200,0
23320800,0
23324400,0
23328000,0
23331600,0
23335200,0
23338800,0
23342400,0
23346000,0
23349600,0
23353200,0
23356800,2
23360400,2
23364000,2
23367600,2
23371200,2
23374800,2
23378400,2
23382000,2
23385600,2
23389200,2
23392800,0
23396400,0
23400000,0
23403600,0
23407200,0
23410800,0
23414400,0
23418000,0
23421600,0
23425200,0
23428800,0
23432400,0
23436000,0
23439600,0
23443200,2
23446800,2
23450400,2
23454000,2
23457600,2
23461200,2
23464800,2
23468400,2
23472000,2
23475600,2
23479200,0
23482800,0
23486400,0
23490000,0
23493600,0
23497200,0
23500800,0
23504400,0
23508000,0
23511600,0
23515200,0
23518800,0
23522400,0
23526000,0
23529600,2
23533200,2
23536800,2
23540400,2
23544000,2
23547600,2
23551200,2
23554800,2
23558400,2
23562000,2
23565600,0
23569200,0
23572800,0
23576400,0
23580000,0
23583600,0
23587200,0
23590800,0
23594400,0
23598000,0
23601600,0
23605200,0
23608800,0
23612400,0
23616000,2
23619600,2
23623200,2
23626800,2
23630400,2
23634000,2
23637600,2
23641200,2
23644800,2
23648400,2
23652000,0
23655600,0
23659200,0
23662800,0
23666400,0
23670000,0
23673600,0
23677200,0
23680800,0
23684400,0
23688000,0
23691600,0
23695200,0
23698800,0
23702400,2
23706000,2
23709600,2
23713200,2
23716800,2
23720400,2
23724000,2
23727600,2
23731200,2
23734800,2
23738400,0
23742000,0
23745600,0
23749200,0
23752800,0
23756400,0
23760000,0
23763600,0
23767200,0
23770800,0
23774400,0
23778000,0
23781600,0
23785200,0
23788800,2
23792400,2
23796000,2
23799600,2
23803200,2
23806800,2
23810400,2
23814000,2
23817600,2
23821200,2
23824800,0
23828400,0
23832000,0
23835600,0
23839200,0
23842800,0
23846400,0
23850000,0
23853600,0
23857200,0
23860800,0
23864400,0
23868000,0
23871600,0
23875200,2
23878800,2
23882400,2
23886000,2
23889600,2
23893200,2
23896800,2
23900400,2
23904000,2
23907600,2
23911200,0
23914800,0
23918400,0
23922000,0
23925600,0
23929200,0
23932800,0
23936400,0
23940000,0
23943600,0
23947200,0
23950800,0
23954400,0
23958000,0
23961600,2
23965200,2
23968800,2
23972400,2
23976000,2
23979600,2
23983200,2
23986800,2
23990400,2
23994000,2
23997600,0
24001200,0
24004800,0
24008400,0
24012000,0
24015600,0
24019200,0
24022800,0
24026400,0
24030000,0
24033600,0
24037200,0
24040800,0
24044400,0
24048000,2
24051600,2
24055200,2
24058800,2
24062400,2
24066000,2
24069600,2
24073200,2
24076800,2
24080400,2
24084000,0
24087600,0
24091200,0
24094800,0
24098400,0
24102000,0
24105600,0
24109200,0
24112800,0
24116400,0
24120000,0
24123600,0
24127200,0
24130800,0
24134400,2
24138000,2
24141600,2
24145200,2
24148800,2
24152400,2
24156000,2
24159600,2
24163200,2
24166800,2
24170400,0
24174000,0
24177600,0
24181200,0
24184800,0
24188400,0
24192000,0
24195600,0
24199200,0
24202800,0
24206400,0
24210000,0
24213600,0
24217200,0
24220800,2
24224400,2
24228000,2
24231600,2
24235200,2
24238800,2
24242400,2
24246000,2
24249600,2
24253200,2
24256800,0
24260400,0
24264000,0
24267600,0
24271200,0
24274800,0
24278400,0
24282000,0
24285600,0
24289200,0
24292800,0
24296400,0
24300000,0
24303600,0
24307200,2
24310800,2
24314400,2
24318000,2
24321600,2
24325200,2
24328800,2
24332400,2
24336000,2
24339600,2
24343200,0
24346800,0
24350400,0
24354000,0
24357600,0
24361200,0
24364800,0
24368400,0
24372000,0
24375600,0
24379200,0
24382800,0
24386400,0
24390000,0
24393600,2
24397200,2
24400800,2
24404400,2
24408000,2
24411600,2
24415200,2
24418800,2
24422400,2
24426000,2
24429600,0
24433200,0
24436800,0
24440400,0
24444000,0
24447600,0
24451200,0
24454800,0
24458400,0
24462000,0
24465600,0
24469200,0
24472800,0
24476400,0
24480000,2
24483600,2
24487200,2
24490800,2
24494400,2
24498000,2
24501600,2
24505200,2
24508800,2
24512400,2
24516000,0
24519600,0
24523200,0
24526800,0
24530400,0
24534000,0
24537600,0
24541200,0
24544800,0
24548400,0
24552000,0
24555600,0
24559200,0
24562800,0
24566400,2
24570000,2
24573600,2
24577200,2
24580800,2
24584400,2
24588000,2
24591600,2
24595200,2
24598800,2
24602400,0
24606000,0
24609600,0
24613200,0
24616800,0
24620400,0
24624000,0
24627600,0
24631200,0
24634800,0
24638400,0
24642000,0
24645600,0
24649200,0
24652800,2
24656400,2
24660000,2
24663600,2
24667200,2
24670800,2
24674400,2
24678000,2
24681600,2
24685200,2
24688800,0
24692400,0
24696000,0
24699600,0
24703200,0
24706800,0
24710400,0
24714000,0
24717600,0
24721200,0
24724800,0
24728400,0
24732000,0
24735600,0
24739200,2
24742800,2
24746400,2
24750000,2
24753600,2
24757200,2
24760800,2
24764400,2
24768000,2
24771600,2
24775200,0
24778800,0
24782400,0
24786000,0
24789600,0
24793200,0
24796800,0
24800400,0
24804000,0
24807600,0
24811200,0
24814800,0
24818400,0
24822000,0
24825600,2
24829200,2
24832800,2
24836400,2
24840000,2
24843600,2
24847200,2
24850800,2
24854400,2
24858000,2
24861600,0
24865200,0
24868800,0
24872400,0
24876000,0
24879600,0
24883200,0
24886800,0
24890400,0
24894000,0
24897600,0
24901200,0
24904800,0
24908400,0
24912000,2
24915600,2
24919200,2
24922800,2
24926400,2
24930000,2
24933600,2
24937200,2
24940800,2
24944400,2
24948000,0
24951600,0
24955200,0
24958800,0
24962400,0
24966000,0
24969600,0
24973200,0
24976800,0
24980400,0
24984000,0
24987600,0
24991200,0
24994800,0
24998400,2
25002000,2
25005600,2
25009200,2
25012800,2
25016400,2
25020000,2
25023600,2
25027200,2
25030800,2
25034400,0
25038000,0
25041600,0
25045200,0
25048800,0
25052400,0
25056000,0
25059600,0
25063200,0
25066800,0
25070400,0
25074000,0
25077600,0
25081200,0
25084800,2
25088400,2
25092000,2
25095600,2
25099200,2
25102800,2
25106400,2
25110000,2
25113600,2
25117200,2
25120800,0
25124400,0
25128000,0
25131600,0
25135200,0
25138800,0
25142400,0
25146000,0
25149600,0
25153200,0
25156800,0
25160400,0
25164000,0
25167600,0
25171200,2
25174800,2
25178400,2
25182000,2
25185600,2
25189200,2
25192800,2
25196400,2
25200000,2
25203600,2
25207200,0
25210800,0
25214400,0
25218000,0
25221600,0
25225200,0
25228800,0
25232400,0
25236000,0
25239600,0
25243200,0
25246800,0
25250400,0
25254000,0
25257600,2
25261200,2
25264800,2
25268400,2
25272000,2
25275600,2
25279200,2
25282800,2
25286400,2
25290000,2
25293600,0
25297200,0
25300800,0
25304400,0
25308000,0
25311600,0
25315200,0
25318800,0
25322400,0
25326000,0
25329600,0
25333200,0
25336800,0
25340400,0
25344000,2
25347600,2
25351200,2
25354800,2
25358400,2
25362000,2
25365600,2
25369200,2
25372800,2
25376400,2
25380000,0
25383600,0
25387200,0
25390800,0
25394400,0
25398000,0
25401600,0
25405200,0
25408800,0
25412400,0
25416000,0
25419600,0
25423200,0
25426800,0
25430400,2
25434000,2
25437600,2
25441200,2
25444800,2
25448400,2
25452000,2
25455600,2
25459200,2
25462800,2
25466400,0
25470000,0
25473600,0
25477200,0
25480800,0
25484400,0
25488000,0
25491600,0
25495200,0
25498800,0
25502400,0
25506000,0
25509600,0
25513200,0
25516800,2
25520400,2
25524000,2
25527600,2
25531200,2
25534800,2
25538400,2
25542000,2
25545600,2
25549200,2
25552800,0
25556400,0
25560000,0
25563600,0
25567200,0
25570800,0
25574400,0
25578000,0
25581600,0
25585200,0
25588800,0
25592400,0
25596000,0
25599600,0
25603200,2
25606800,2
25610400,2
25614000,2
25617600,2
25621200,2
25624800,2
25628400,2
25632000,2
25635600,2
25639200,0
25642800,0
25646400,0
25650000,0
25653600,0
25657200,0
25660800,0
25664400,0
25668000,0
25671600,0
25675200,0
25678800,0
25682400,0
25686000,0
25689600,2
25693200,2
25696800,2
25700400,2
25704000,2
25707600,2
25711200,2
25714800,2
25718400,2
25722000,2
25725600,0
25729200,0
25732800,0
25736400,0
25740000,0
25743600,0
25747200,0
25750800,0
25754400,0
25758000,0
25761600,0
25765200,0
25768800,0
25772400,0
25776000,2
25779600,2
25783200,2
25786800,2
25790400,2
25794000,2
25797600,2
25801200,2
25804800,2
25808400,2
25812000,0
25815600,0
25819200,0
25822800,0
25826400,0
25830000,0
25833600,0
25837200,0
25840800,0
25844400,0
25848000,0
25851600,0
25855200,0
25858800,0
25862400,2
25866000,2
25869600,2
25873200,2
25876800,2
25880400,2
25884000,2
25887600,2
25891200,2
25894800,2
25898400,0
25902000,0
25905600,0
25909200,0
25912800,0
25916400,0
25920000,0
25923600,0
25927200,0
25930800,0
25934400,0
25938000,0
25941600,0
25945200,0
25948800,2
25952400,2
25956000,2
25959600,2
25963200,2
25966800,2
25970400,2
25974000,2
25977600,2
25981200,2
25984800,0
25988400,0
25992000,0
25995600,0
25999200,0
26002800,0
26006400,0
26010000,0
26013600,0
26017200,0
26020800,0
26024400,0
26028000,0
26031600,0
26035200,2
26038800,2
26042400,2
26046000,2
26049600,2
26053200,2
26056800,2
26060400,2
26064000,2
26067600,2
26071200,0
26074800,0
26078400,0
26082000,0
26085600,0
26089200,0
26092800,0
26096400,0
26100000,0
26103600,0
26107200,0
26110800,0
26114400,0
26118000,0
26121600,2
26125200,2
26128800,2
26132400,2
26136000,2
26139600,2
26143200,2
26146800,2
26150400,2
26154000,2
26157600,0
26161200,0
26164800,0
26168400,0
26172000,0
26175600,0
26179200,0
26182800,0
26186400,0
26190000,0
26193600,0
26197200,0
26200800,0
26204400,0
26208000,2
26211600,2
26215200,2
26218800,2
26222400,2
26226000,2
26229600,2
26233200,2
26236800,2
26240400,2
26244000,0
26247600,0
26251200,0
26254800,0
26258400,0
26262000,0
26265600,0
26269200,0
26272800,0
26276400,0
26280000,0
26283600,0
26287200,0
26290800,0
26294400,2
26298000,2
26301600,2
26305200,2
26308800,2
26312400,2
26316000,2
26319600,2
26323200,2
26326800,2
26330400,0
26334000,0
26337600,0
26341200,0
26344800,0
26348400,0
26352000,0
26355600,0
26359200,0
26362800,0
26366400,0
26370000,0
26373600,0
26377200,0
26380800,2
26384400,2
26388000,2
26391600,2
26395200,2
26398800,2
26402400,2
26406000,2
26409600,2
26413200,2
26416800,0
26420400,0
26424000,0
26427600,0
26431200,0
26434800,0
26438400,0
26442000,0
26445600,0
26449200,0
26452800,0
26456400,0
26460000,0
26463600,0
26467200,2
26470800,2
26474400,2
26478000,2
26481600,2
26485200,2
26488800,2
26492400,2
26496000,2
26499600,2
26503200,0
26506800,0
26510400,0
26514000,0
26517600,0
26521200,0
26524800,0
26528400,0
26532000,0
26535600,0
26539200,0
26542800,0
26546400,0
26550000,0
26553600,2
26557200,2
26560800,2
26564400,2
26568000,2
26571600,2
26575200,2
26578800,2
26582400,2
26586000,2
26589600,0
26593200,0
26596800,0
26600400,0
26604000,0
26607600,0
26611200,0
26614800,0
26618400,0
26622000,0
26625600,0
26629200,0
26632800,0
26636400,0
26640000,2
26643600,2
26647200,2
26650800,2
26654400,2
26658000,2
26661600,2
26665200,2
26668800,2
26672400,2
26676000,0
26679600,0
26683200,0
26686800,0
26690400,0
26694000,0
26697600,0
26701200,0
26704800,0
26708400,0
26712000,0
26715600,0
26719200,0
26722800,0
26726400,2
26730000,2
26733600,2
26737200,2
26740800,2
26744400,2
26748000,2
26751600,2
26755200,2
26758800,2
26762400,0
26766000,0
26769600,0
26773200,0
26776800,0
26780400,0
26784000,0
26787600,0
26791200,0
26794800,0
26798400,0
26802000,0
26805600,0
26809200,0
26812800,2
26816400,2
26820000,2
26823600,2
26827200,2
26830800,2
26834400,2
26838000,2
26841600,2
26845200,2
26848800,0
26852400,0
26856000,0
26859600,0
26863200,0
26866800,0
26870400,0
26874000,0
26877600,0
26881200,0
26884800,0
26888400,0
26892000,0
26895600,0
26899200,2
26902800,2
26906400,2
26910000,2
26913600,2
26917200,2
26920800,2
26924400,2
26928000,2
26931600,2
26935200,0
26938800,0
26942400,0
26946000,0
26949600,0
26953200,0
26956800,0
26960400,0
26964000,0
26967600,0
26971200,0
26974800,0
26978400,0
26982000,0
26985600,2
26989200,2
26992800,2
26996400,2
27000000,2
27003600,2
27007200,2
27010800,2
27014400,2
27018000,2
27021600,0
27025200,0
27028800,0
27032400,0
27036000,0
27039600,0
27043200,0
27046800,0
27050400,0
27054000,0
27057600,0
27061200,0
27064800,0
27068400,0
27072000,2
27075600,2
27079200,2
27082800,2
27086400,2
27090000,2
27093600,2
27097200,2
27100800,2
27104400,2
27108000,0
27111600,0
27115200,0
27118800,0
27122400,0
27126000,0
27129600,0
27133200,0
27136800,0
27140400,0
27144000,0
27147600,0
27151200,0
27154800,0
27158400,2
27162000,2
27165600,2
27169200,2
27172800,2
27176400,2
27180000,2
27183600,2
27187200,2
27190800,2
27194400,0
27198000,0
27201600,0
27205200,0
27208800,0
27212400,0
27216000,0
27219600,0
27223200,0
27226800,0
27230400,0
27234000,0
27237600,0
27241200,0
27244800,2
27248400,2
27252000,2
27255600,2
27259200,2
27262800,2
27266400,2
27270000,2
27273600,2
27277200,2
27280800,0
27284400,0
27288000,0
27291600,0
27295200,0
27298800,0
27302400,0
27306000,0
27309600,0
27313200,0
27316800,0
27320400,0
27324000,0
27327600,0
27331200,2
27334800,2
27338400,2
27342000,2
27345600,2
27349200,2
27352800,2
27356400,2
27360000,2
27363600,2
27367200,0
27370800,0
27374400,0
27378000,0
27381600,0
27385200,0
27388800,0
27392400,0
27396000,0
27399600,0
27403200,0
27406800,0
27410400,0
27414000,0
27417600,2
27421200,2
27424800,2
27428400,2
27432000,2
27435600,2
27439200,2
27442800,2
27446400,2
27450000,2
27453600,0
27457200,0
27460800,0
27464400,0
27468000,0
27471600,0
27475200,0
27478800,0
27482400,0
27486000,0
27489600,0
27493200,0
27496800,0
27500400,0
27504000,2
27507600,2
27511200,2
27514800,2
27518400,2
27522000,2
27525600,2
27529200,2
27532800,2
27536400,2
27540000,0
27543600,0
27547200,0
27550800,0
27554400,0
27558000,0
27561600,0
27565200,0
27568800,0
27572400,0
27576000,0
27579600,0
27583200,0
27586800,0
27590400,2
27594000,2
27597600,2
27601200,2
27604800,2
27608400,2
27612000,2
27615600,2
27619200,2
27622800,2
27626400,0
27630000,0
27633600,0
27637200,0
27640800,0
27644400,0
27648000,0
27651600,0
27655200,0
27658800,0
27662400,0
27666000,0
27669600,0
27673200,0
27676800,2
27680400,2
27684000,2
27687600,2
27691200,2
27694800,2
27698400,2
27702000,2
27705600,2
27709200,2
27712800,0
27716400,0
27720000,0
27723600,0
27727200,0
27730800,0
27734400,0
27738000,0
27741600,0
27745200,0
27748800,0
27752400,0
27756000,0
27759600,0
27763200,2
27766800,2
27770400,2
27774000,2
27777600,2
27781200,2
27784800,2
27788400,2
27792000,2
27795600,2
27799200,0
27802800,0
27806400,0
27810000,0
27813600,0
27817200,0
27820800,0
27824400,0
27828000,0
27831600,0
27835200,0
27838800,0
27842400,0
27846000,0
27849600,2
27853200,2
27856800,2
27860400,2
27864000,2
27867600,2
27871200,2
27874800,2
27878400,2
27882000,2
27885600,0
27889200,0
27892800,0
27896400,0
27900000,0
27903600,0
27907200,0
27910800,0
27914400,0
27918000,0
27921600,0
27925200,0
27928800,0
27932400,0
27936000,2
27939600,2
27943200,2
27946800,2
27950400,2
27954000,2
27957600,2
27961200,2
27964800,2
27968400,2
27972000,0
27975600,0
27979200,0
27982800,0
27986400,0
27990000,0
27993600,0
27997200,0
28000800,0
28004400,0
28008000,0
28011600,0
28015200,0
28018800,0
28022400,2
28026000,2
28029600,2
28033200,2
28036800,2
28040400,2
28044000,2
28047600,2
28051200,2
28054800,2
28058400,0
28062000,0
28065600,0
28069200,0
28072800,0
28076400,0
28080000,0
28083600,0
28087200,0
28090800,0
28094400,0
28098000,0
28101600,0
28105200,0
28108800,2
28112400,2
28116000,2
28119600,2
28123200,2
28126800,2
28130400,2
28134000,2
28137600,2
28141200,2
28144800,0
28148400,0
28152000,0
28155600,0
28159200,0
28162800,0
28166400,0
28170000,0
28173600,0
28177200,0
28180800,0
28184400,0
28188000,0
28191600,0
28195200,2
28198800,2
28202400,2
28206000,2
28209600,2
28213200,2
28216800,2
28220400,2
28224000,2
28227600,2
28231200,0
28234800,0
28238400,0
28242000,0
28245600,0
28249200,0
28252800,0
28256400,0
28260000,0
28263600,0
28267200,0
28270800,0
28274400,0
28278000,0
28281600,2
28285200,2
28288800,2
28292400,2
28296000,2
28299600,2
28303200,2
28306800,2
28310400,2
28314000,2
28317600,0
28321200,0
28324800,0
28328400,0
28332000,0
28335600,0
28339200,0
28342800,0
28346400,0
28350000,0
28353600,0
28357200,0
28360800,0
28364400,0
28368000,2
28371600,2
28375200,2
28378800,2
28382400,2
28386000,2
28389600,2
28393200,2
28396800,2
28400400,2
28404000,0
28407600,0
28411200,0
28414800,0
28418400,0
28422000,0
28425600,0
28429200,0
28432800,0
28436400,0
28440000,0
28443600,0
28447200,0
28450800,0
28454400,2
28458000,2
28461600,2
28465200,2
28468800,2
28472400,2
28476000,2
28479600,2
28483200,2
28486800,2
28490400,0
28494000,0
28497600,0
28501200,0
28504800,0
28508400,0
28512000,0
28515600,0
28519200,0
28522800,0
28526400,0
28530000,0
28533600,0
28537200,0
28540800,2
28544400,2
28548000,2
28551600,2
28555200,2
28558800,2
28562400,2
28566000,2
28569600,2
28573200,2
28576800,0
28580400,0
28584000,0
28587600,0
28591200,0
28594800,0
28598400,0
28602000,0
28605600,0
28609200,0
28612800,0
28616400,0
28620000,0
28623600,0
28627200,2
28630800,2
28634400,2
28638000,2
28641600,2
28645200,2
28648800,2
28652400,2
28656000,2
28659600,2
28663200,0
28666800,0
28670400,0
28674000,0
28677600,0
28681200,0
28684800,0
28688400,0
28692000,0
28695600,0
28699200,0
28702800,0
28706400,0
28710000,0
28713600,2
28717200,2
28720800,2
28724400,2
28728000,2
28731600,2
28735200,2
28738800,2
28742400,2
28746000,2
28749600,0
28753200,0
28756800,0
28760400,0
28764000,0
28767600,0
28771200,0
28774800,0
28778400,0
28782000,0
28785600,0
28789200,0
28792800,0
28796400,0
28800000,2
28803600,2
28807200,2
28810800,2
28814400,2
28818000,2
28821600,2
28825200,2
28828800,2
28832400,2
28836000,0
28839600,0
28843200,0
28846800,0
28850400,0
28854000,0
28857600,0
28861200,0
28864800,0
28868400,0
28872000,0
28875600,0
28879200,0
28882800,0
28886400,2
28890000,2
28893600,2
28897200,2
28900800,2
28904400,2
28908000,2
28911600,2
28915200,2
28918800,2
28922400,0
28926000,0
28929600,0
28933200,0
28936800,0
28940400,0
28944000,0
28947600,0
28951200,0
28954800,0
28958400,0
28962000,0
28965600,0
28969200,0
28972800,2
28976400,2
28980000,2
28983600,2
28987200,2
28990800,2
28994400,2
28998000,2
29001600,2
29005200,2
29008800,0
29012400,0
29016000,0
29019600,0
29023200,0
29026800,0
29030400,0
29034000,0
29037600,0
29041200,0
29044800,0
29048400,0
29052000,0
29055600,0
29059200,2
29062800,2
29066400,2
29070000,2
29073600,2
29077200,2
29080800,2
29084400,2
29088000,2
29091600,2
29095200,0
29098800,0
29102400,0
29106000,0
29109600,0
29113200,0
29116800,0
29120400,0
29124000,0
29127600,0
29131200,0
29134800,0
29138400,0
29142000,0
29145600,2
29149200,2
29152800,2
29156400,2
29160000,2
29163600,2
29167200,2
29170800,2
29174400,2
29178000,2
29181600,0
29185200,0
29188800,0
29192400,0
29196000,0
29199600,0
29203200,0
29206800,0
29210400,0
29214000,0
29217600,0
29221200,0
29224800,0
29228400,0
29232000,2
29235600,2
29239200,2
29242800,2
29246400,2
29250000,2
29253600,2
29257200,2
29260800,2
29264400,2
29268000,0
29271600,0
29275200,0
29278800,0
29282400,0
29286000,0
29289600,0
29293200,0
29296800,0
29300400,0
29304000,0
29307600,0
29311200,0
29314800,0
29318400,2
29322000,2
29325600,2
29329200,2
29332800,2
29336400,2
29340000,2
29343600,2
29347200,2
29350800,2
29354400,0
29358000,0
29361600,0
29365200,0
29368800,0
29372400,0
29376000,0
29379600,0
29383200,0
29386800,0
29390400,0
29394000,0
29397600,0
29401200,0
29404800,2
29408400,2
29412000,2
29415600,2
29419200,2
29422800,2
29426400,2
29430000,2
29433600,2
29437200,2
29440800,0
29444400,0
29448000,0
29451600,0
29455200,0
29458800,0
29462400,0
29466000,0
29469600,0
29473200,0
29476800,0
29480400,0
29484000,0
29487600,0
29491200,2
29494800,2
29498400,2
29502000,2
29505600,2
29509200,2
29512800,2
29516400,2
29520000,2
29523600,2
29527200,0
29530800,0
29534400,0
29538000,0
29541600,0
29545200,0
29548800,0
29552400,0
29556000,0
29559600,0
29563200,0
29566800,0
29570400,0
29574000,0
29577600,2
29581200,2
29584800,2
29588400,2
29592000,2
29595600,2
29599200,2
29602800,2
29606400,2
29610000,2
29613600,0
29617200,0
29620800,0
29624400,0
29628000,0
29631600,0
29635200,0
29638800,0
29642400,0
29646000,0
29649600,0
29653200,0
29656800,0
29660400,0
29664000,2
29667600,2
29671200,2
29674800,2
29678400,2
29682000,2
29685600,2
29689200,2
29692800,2
29696400,2
29700000,0
29703600,0
29707200,0
29710800,0
29714400,0
29718000,0
29721600,0
29725200,0
29728800,0
29732400,0
29736000,0
29739600,0
29743200,0
29746800,0
29750400,2
29754000,2
29757600,2
29761200,2
29764800,2
29768400,2
29772000,2
29775600,2
29779200,2
29782800,2
29786400,0
29790000,0
29793600,0
29797200,0
29800800,0
29804400,0
29808000,0
29811600,0
29815200,0
29818800,0
29822400,0
29826000,0
29829600,0
29833200,0
29836800,2
29840400,2
29844000,2
29847600,2
29851200,2
29854800,2
29858400,2
29862000,2
29865600,2
29869200,2
29872800,0
29876400,0
29880000,0
29883600,0
29887200,0
29890800,0
29894400,0
29898000,0
29901600,0
29905200,0
29908800,0
29912400,0
29916000,0
29919600,0
29923200,2
29926800,2
29930400,2
29934000,2
29937600,2
29941200,2
29944800,2
29948400,2
29952000,2
29955600,2
29959200,0
29962800,0
29966400,0
29970000,0
29973600,0
29977200,0
29980800,0
29984400,0
29988000,0
29991600,0
29995200,0
29998800,0
30002400,0
30006000,0
30009600,2
30013200,2
30016800,2
30020400,2
30024000,2
30027600,2
30031200,2
30034800,2
30038400,2
30042000,2
30045600,0
30049200,0
30052800,0
30056400,0
30060000,0
30063600,0
30067200,0
30070800,0
30074400,0
30078000,0
30081600,0
30085200,0
30088800,0
30092400,0
30096000,2
30099600,2
30103200,2
30106800,2
30110400,2
30114000,2
30117600,2
30121200,2
30124800,2
30128400,2
30132000,0
30135600,0
30139200,0
30142800,0
30146400,0
30150000,0
30153600,0
30157200,0
30160800,0
30164400,0
30168000,0
30171600,0
30175200,0
30178800,0
30182400,2
30186000,2
30189600,2
30193200,2
30196800,2
30200400,2
30204000,2
30207600,2
30211200,2
30214800,2
30218400,0
30222000,0
30225600,0
30229200,0
30232800,0
30236400,0
30240000,0
30243600,0
30247200,0
30250800,0
30254400,0
30258000,0
30261600,0
30265200,0
30268800,2
30272400,2
30276000,2
30279600,2
30283200,2
30286800,2
30290400,2
30294000,2
30297600,2
30301200,2
30304800,0
30308400,0
30312000,0
30315600,0
30319200,0
30322800,0
30326400,0
30330000,0
30333600,0
30337200,0
30340800,0
30344400,0
30348000,0
30351600,0
30355200,2
30358800,2
30362400,2
30366000,2
30369600,2
30373200,2
30376800,2
30380400,2
30384000,2
30387600,2
30391200,0
30394800,0
30398400,0
30402000,0
30405600,0
30409200,0
30412800,0
30416400,0
30420000,0
30423600,0
30427200,0
30430800,0
30434400,0
30438000,0
30441600,2
30445200,2
30448800,2
30452400,2
30456000,2
30459600,2
30463200,2
30466800,2
30470400,2
30474000,2
30477600,0
30481200,0
30484800,0
30488400,0
30492000,0
30495600,0
30499200,0
30502800,0
30506400,0
30510000,0
30513600,0
30517200,0
30520800,0
30524400,0
30528000,2
30531600,2
30535200,2
30538800,2
30542400,2
30546000,2
30549600,2
30553200,2
30556800,2
30560400,2
30564000,0
30567600,0
30571200,0
30574800,0
30578400,0
30582000,0
30585600,0
30589200,0
30592800,0
30596400,0
30600000,0
30603600,0
30607200,0
30610800,0
30614400,2
30618000,2
30621600,2
30625200,2
30628800,2
30632400,2
30636000,2
30639600,2
30643200,2
30646800,2
30650400,0
30654000,0
30657600,0
30661200,0
30664800,0
30668400,0
30672000,0
30675600,0
30679200,0
30682800,0
30686400,0
30690000,0
30693600,0
30697200,0
30700800,2
30704400,2
30708000,2
30711600,2
30715200,2
30718800,2
30722400,2
30726000,2
30729600,2
30733200,2
30736800,0
30740400,0
30744000,0
30747600,0
30751200,0
30754800,0
30758400,0
30762000,0
30765600,0
30769200,0
30772800,0
30776400,0
30780000,0
30783600,0
30787200,2
30790800,2
30794400,2
30798000,2
30801600,2
30805200,2
30808800,2
30812400,2
30816000,2
30819600,2
30823200,0
30826800,0
30830400,0
30834000,0
30837600,0
30841200,0
30844800,0
30848400,0
30852000,0
30855600,0
30859200,0
30862800,0
30866400,0
30870000,0
30873600,2
30877200,2
30880800,2
30884400,2
30888000,2
30891600,2
30895200,2
30898800,2
30902400,2
30906000,2
30909600,0
30913200,0
30916800,0
30920400,0
30924000,0
30927600,0
30931200,0
30934800,0
30938400,0
30942000,0
30945600,0
30949200,0
30952800,0
30956400,0
30960000,2
30963600,2
30967200,2
30970800,2
30974400,2
30978000,2
30981600,2
30985200,2
30988800,2
30992400,2
30996000,0
30999600,0
31003200,0
31006800,0
31010400,0
31014000,0
31017600,0
31021200,0
31024800,0
31028400,0
31032000,0
31035600,0
31039200,0
31042800,0
31046400,2
31050000,2
31053600,2
31057200,2
31060800,2
31064400,2
31068000,2
31071600,2
31075200,2
31078800,2
31082400,0
31086000,0
31089600,0
31093200,0
31096800,0
31100400,0
31104000,0
31107600,0
31111200,0
31114800,0
31118400,0
31122000,0
31125600,0
31129200,0
31132800,2
31136400,2
31140000,2
31143600,2
31147200,2
31150800,2
31154400,2
31158000,2
31161600,2
31165200,2
31168800,0
31172400,0
31176000,0
31179600,0
31183200,0
31186800,0
31190400,0
31194000,0
31197600,0
31201200,0
31204800,0
31208400,0
31212000,0
31215600,0
31219200,2
31222800,2
31226400,2
31230000,2
31233600,2
31237200,2
31240800,2
31244400,2
31248000,2
31251600,2
31255200,0
31258800,0
31262400,0
31266000,0
31269600,0
31273200,0
31276800,0
31280400,0
31284000,0
31287600,0
31291200,0
31294800,0
31298400,0
31302000,0
31305600,2
31309200,2
31312800,2
31316400,2
31320000,2
31323600,2
31327200,2
31330800,2
31334400,2
31338000,2
31341600,0
31345200,0
31348800,0
31352400,0
31356000,0
31359600,0
31363200,0
31366800,0
31370400,0
31374000,0
31377600,0
31381200,0
31384800,0
31388400,0
31392000,2
31395600,2
31399200,2
31402800,2
31406400,2
31410000,2
31413600,2
31417200,2
31420800,2
31424400,2
31428000,0
31431600,0
31435200,0
31438800,0
31442400,0
31446000,0
31449600,0
31453200,0
31456800,0
31460400,0
31464000,0
31467600,0
31471200,0
31474800,0
31478400,2
31482000,2
31485600,2
31489200,2
31492800,2
31496400,2
31500000,2
31503600,2
31507200,2
31510800,2
31514400,0
31518000,0
31521600,0
31525200,0
31528800,0
31532400,0
31536000,0
